CREATE schema dvd;

CREATE TABLE dvd.products (
    prod_id integer NOT NULL,
    category smallint NOT NULL,
    title text NOT NULL,
    actor text NOT NULL,
    price numeric NOT NULL,
    special smallint,
    common_prod_id integer,
    key pgdms_did DEFAULT NULL::uuid NOT NULL
);

CREATE TABLE dvd.categories (
    category integer NOT NULL,
    categoryname character varying(50) NOT NULL
);

CREATE TABLE dvd.customers (
    customerid integer NOT NULL,
    firstname character varying(50) NOT NULL,
    lastname character varying(50) NOT NULL,
    address1 character varying(50) NOT NULL,
    address2 character varying(50),
    city character varying(50) NOT NULL,
    state character varying(50),
    zip character varying(9),
    country character varying(50) NOT NULL,
    region smallint NOT NULL,
    email character varying(50),
    phone character varying(50),
    creditcardtype integer NOT NULL,
    creditcard character varying(50) NOT NULL,
    creditcardexpiration character varying(50) NOT NULL,
    username character varying(50) NOT NULL,
    password character varying(50) NOT NULL,
    age smallint,
    income integer,
    gender character varying(1)
);

CREATE TABLE dvd.inventory (
    prod_id integer NOT NULL,
    quan_in_stock integer NOT NULL,
    sales integer NOT NULL,
    prod_key pgdms_family_ref
);

CREATE TABLE dvd.orderlines (
    orderlineid smallint NOT NULL,
    orderid integer NOT NULL,
    prod_id integer NOT NULL,
    quantity smallint NOT NULL,
    orderdate date NOT NULL,
    orderlinekey integer NOT NULL,
    prod_key pgdms_ref
);

CREATE TABLE dvd.orders (
    orderid integer NOT NULL,
    orderdate date NOT NULL,
    customerid integer,
    netamount numeric NOT NULL,
    tax numeric NOT NULL,
    totalamount numeric NOT NULL,
    comment text
);


INSERT INTO dvd.categories VALUES (3, 'Children');
INSERT INTO dvd.categories VALUES (4, 'Classics');
INSERT INTO dvd.categories VALUES (6, 'Documentary');
INSERT INTO dvd.categories VALUES (7, 'Drama');
INSERT INTO dvd.categories VALUES (8, 'Family');
INSERT INTO dvd.categories VALUES (9, 'Foreign');
INSERT INTO dvd.categories VALUES (10, 'Games');
INSERT INTO dvd.categories VALUES (11, 'Horror');
INSERT INTO dvd.categories VALUES (12, 'Music');
INSERT INTO dvd.categories VALUES (13, 'New');
INSERT INTO dvd.categories VALUES (14, 'Sci-Fi');
INSERT INTO dvd.categories VALUES (15, 'Sports');
INSERT INTO dvd.categories VALUES (16, 'Travel');
INSERT INTO dvd.categories VALUES (2, 'Animation');
INSERT INTO dvd.categories VALUES (5, 'Comedy');
INSERT INTO dvd.categories VALUES (1, 'Action');
INSERT INTO dvd.categories VALUES (34, 'Test12');
INSERT INTO dvd.categories VALUES (35, 'Test2');
INSERT INTO dvd.categories VALUES (36, 'Test');



INSERT INTO dvd.customers VALUES (223, 'ZCILGZ', 'FNOUHHPSWO', '3287813371 Dell Way', '', 'ITQWYQL', 'AR', '80661', 'US', 1, 'FNOUHHPSWO@dell.com', '3287813371', 3, '2431632699444890', '2010/07', 'user223', 'password', 26, 60000, 'M');
INSERT INTO dvd.customers VALUES (258, 'DEXMNU', 'DXHAXIUEUY', '3901201758 Dell Way', '', 'PJJPPAB', 'OH', '78953', 'US', 1, 'DXHAXIUEUY@dell.com', '3901201758', 2, '9768324049655348', '2011/12', 'user258', 'password', 28, 60000, 'F');
INSERT INTO dvd.customers VALUES (445, 'AOVLNM', 'SADBWEXAQG', '5879499957 Dell Way', '', 'APBLVLM', 'WI', '87585', 'US', 1, 'SADBWEXAQG@dell.com', '5879499957', 4, '6633586731739342', '2008/09', 'user445', 'password', 43, 20000, 'M');
INSERT INTO dvd.customers VALUES (489, 'FRCRGZ', 'TVIJSKHRPN', '7599125529 Dell Way', '', 'HHWSNAH', 'MI', '13089', 'US', 1, 'TVIJSKHRPN@dell.com', '7599125529', 5, '3544461262412369', '2009/05', 'user489', 'password', 32, 60000, 'F');
INSERT INTO dvd.customers VALUES (492, 'LGXNFH', 'ZDQXOWIEKH', '6567328000 Dell Way', '', 'YQHBAOF', 'DC', '56496', 'US', 1, 'ZDQXOWIEKH@dell.com', '6567328000', 2, '8588215391617268', '2009/03', 'user492', 'password', 23, 60000, 'F');
INSERT INTO dvd.customers VALUES (537, 'HTFMNG', 'BOFNAUMSEW', '2910143867 Dell Way', '', 'FLMCGMD', 'ID', '55844', 'US', 1, 'BOFNAUMSEW@dell.com', '2910143867', 4, '8557692133821547', '2008/02', 'user537', 'password', 58, 80000, 'M');
INSERT INTO dvd.customers VALUES (589, 'VTWDOU', 'TPRKTPONJI', '1335911206 Dell Way', '', 'MPFDYGI', 'SD', '47144', 'US', 1, 'TPRKTPONJI@dell.com', '1335911206', 3, '7811007028445601', '2011/01', 'user589', 'password', 52, 80000, 'F');
INSERT INTO dvd.customers VALUES (612, 'QJHYHJ', 'SOBHNNMKRV', '2523794842 Dell Way', '', 'INZEJFT', 'WA', '35954', 'US', 1, 'SOBHNNMKRV@dell.com', '2523794842', 4, '6032366965897381', '2010/02', 'user612', 'password', 66, 100000, 'F');
INSERT INTO dvd.customers VALUES (731, 'VERKFP', 'PEXXDCCBJD', '6456867970 Dell Way', '', 'JUWQKXP', 'AL', '16198', 'US', 1, 'PEXXDCCBJD@dell.com', '6456867970', 3, '9563512052875012', '2012/04', 'user731', 'password', 34, 40000, 'F');
INSERT INTO dvd.customers VALUES (746, 'WMTLZF', 'LOLOTMMLZT', '7838170651 Dell Way', '', 'WRMCJGP', 'WV', '18239', 'US', 1, 'LOLOTMMLZT@dell.com', '7838170651', 4, '1250171470455825', '2008/05', 'user746', 'password', 89, 100000, 'F');
INSERT INTO dvd.customers VALUES (886, 'WDCOXN', 'EMKAXCGPLV', '3739674379 Dell Way', '', 'GQDEZHW', 'IL', '62617', 'US', 1, 'EMKAXCGPLV@dell.com', '3739674379', 4, '7663065113127232', '2008/06', 'user886', 'password', 18, 60000, 'M');
INSERT INTO dvd.customers VALUES (890, 'GFULJV', 'GTOMFNTYIC', '9545508550 Dell Way', '', 'SMVPYVC', 'ME', '97271', 'US', 1, 'GTOMFNTYIC@dell.com', '9545508550', 5, '9104255860205740', '2011/01', 'user890', 'password', 68, 60000, 'M');
INSERT INTO dvd.customers VALUES (931, 'PIMRWI', 'XALFQAGVPF', '8762629293 Dell Way', '', 'WWFBIAK', 'NJ', '15835', 'US', 1, 'XALFQAGVPF@dell.com', '8762629293', 2, '2129195213783532', '2012/09', 'user931', 'password', 42, 60000, 'M');
INSERT INTO dvd.customers VALUES (948, 'VKVOUW', 'ZZCZWCYMTX', '7903403852 Dell Way', '', 'YQCZDAU', 'OH', '75218', 'US', 1, 'ZZCZWCYMTX@dell.com', '7903403852', 4, '1602639798540622', '2011/12', 'user948', 'password', 88, 100000, 'M');
INSERT INTO dvd.customers VALUES (953, 'NSSTEU', 'GYTDCGALUR', '4175602700 Dell Way', '', 'LBFREFZ', 'IA', '75876', 'US', 1, 'GYTDCGALUR@dell.com', '4175602700', 4, '9474259988870472', '2008/06', 'user953', 'password', 88, 20000, 'F');
INSERT INTO dvd.customers VALUES (959, 'GCRPHO', 'FTAUCJHEBI', '7878190287 Dell Way', '', 'ADYGUSN', 'MI', '94858', 'US', 1, 'FTAUCJHEBI@dell.com', '7878190287', 1, '4140918347053230', '2010/02', 'user959', 'password', 89, 20000, 'M');
INSERT INTO dvd.customers VALUES (1082, 'LNSFZV', 'CXZUBTBQGR', '5926776799 Dell Way', '', 'CZGYNFH', 'CO', '60359', 'US', 1, 'CXZUBTBQGR@dell.com', '5926776799', 3, '7920645175967366', '2010/09', 'user1082', 'password', 44, 100000, 'M');
INSERT INTO dvd.customers VALUES (1112, 'EUNSPF', 'GHYNSYDPIN', '7100332729 Dell Way', '', 'OPLKKWE', 'AR', '50185', 'US', 1, 'GHYNSYDPIN@dell.com', '7100332729', 5, '2306597574148327', '2009/03', 'user1112', 'password', 42, 80000, 'M');
INSERT INTO dvd.customers VALUES (1356, 'OEMBYR', 'YMDYGENSJN', '2966557868 Dell Way', '', 'BOWAICY', 'MT', '26572', 'US', 1, 'YMDYGENSJN@dell.com', '2966557868', 2, '4336674334481358', '2008/09', 'user1356', 'password', 20, 100000, 'F');
INSERT INTO dvd.customers VALUES (1466, 'LNRMBR', 'FRYMEUFJTE', '6591388978 Dell Way', '', 'REKCQYV', 'GA', '95356', 'US', 1, 'FRYMEUFJTE@dell.com', '6591388978', 3, '7413330402690917', '2010/12', 'user1466', 'password', 40, 20000, 'M');
INSERT INTO dvd.customers VALUES (1483, 'OVARFK', 'XTLUVIITUH', '5824126720 Dell Way', '', 'TJAUQKK', 'AZ', '88841', 'US', 1, 'XTLUVIITUH@dell.com', '5824126720', 1, '8699258346110582', '2012/04', 'user1483', 'password', 71, 40000, 'F');
INSERT INTO dvd.customers VALUES (1486, 'UEKJFH', 'XEEZGELFLX', '7989291177 Dell Way', '', 'RDPMQTO', 'NV', '38659', 'US', 1, 'XEEZGELFLX@dell.com', '7989291177', 5, '8929931795690209', '2010/12', 'user1486', 'password', 32, 80000, 'M');
INSERT INTO dvd.customers VALUES (1502, 'VZSQKF', 'OEMZXMZRQN', '6770458608 Dell Way', '', 'HUFEADN', 'MS', '41338', 'US', 1, 'OEMZXMZRQN@dell.com', '6770458608', 2, '1033648571930825', '2009/12', 'user1502', 'password', 66, 20000, 'F');
INSERT INTO dvd.customers VALUES (1584, 'PUCQUW', 'BFOFITUHRS', '9457148274 Dell Way', '', 'BBOOQGZ', 'NC', '33335', 'US', 1, 'BFOFITUHRS@dell.com', '9457148274', 2, '1023034144658595', '2008/11', 'user1584', 'password', 62, 40000, 'M');
INSERT INTO dvd.customers VALUES (1594, 'VJBFFD', 'FDRBZTYEIT', '1512435961 Dell Way', '', 'SYZRFRI', 'DC', '10344', 'US', 1, 'FDRBZTYEIT@dell.com', '1512435961', 1, '2514259007293731', '2011/12', 'user1594', 'password', 36, 20000, 'M');
INSERT INTO dvd.customers VALUES (1635, 'WDBZHC', 'VPTVLVZAYC', '4505340015 Dell Way', '', 'PNDCQHC', 'MO', '59404', 'US', 1, 'VPTVLVZAYC@dell.com', '4505340015', 4, '9859480574261396', '2012/05', 'user1635', 'password', 71, 40000, 'M');
INSERT INTO dvd.customers VALUES (1638, 'VSGBIL', 'SAZJAUSXLO', '9820511543 Dell Way', '', 'ZZLUDBL', 'AL', '13111', 'US', 1, 'SAZJAUSXLO@dell.com', '9820511543', 1, '2127164320554584', '2008/10', 'user1638', 'password', 22, 40000, 'F');
INSERT INTO dvd.customers VALUES (1693, 'FNVCLP', 'SABEFFIYGK', '4893588428 Dell Way', '', 'VCFOQJI', 'VT', '38296', 'US', 1, 'SABEFFIYGK@dell.com', '4893588428', 2, '4479765789117664', '2008/03', 'user1693', 'password', 67, 80000, 'F');
INSERT INTO dvd.customers VALUES (1750, 'YDHHEM', 'ENUSHJBGQC', '3915903478 Dell Way', '', 'LRFKQSZ', 'LA', '54876', 'US', 1, 'ENUSHJBGQC@dell.com', '3915903478', 2, '7763597114942968', '2010/03', 'user1750', 'password', 54, 40000, 'M');
INSERT INTO dvd.customers VALUES (1882, 'TJCBZB', 'HYTJMDEOCF', '1450308904 Dell Way', '', 'VIEYFZG', 'OR', '23342', 'US', 1, 'HYTJMDEOCF@dell.com', '1450308904', 3, '9205182716716080', '2011/05', 'user1882', 'password', 74, 80000, 'M');
INSERT INTO dvd.customers VALUES (1943, 'OUKLWO', 'IBTKEKATIH', '3900217400 Dell Way', '', 'MORLJGH', 'IA', '79579', 'US', 1, 'IBTKEKATIH@dell.com', '3900217400', 1, '6787320797797292', '2011/09', 'user1943', 'password', 73, 80000, 'M');
INSERT INTO dvd.customers VALUES (2063, 'YQBTUU', 'FLBHRJWDCJ', '3840093434 Dell Way', '', 'JCQOLGD', 'KS', '26373', 'US', 1, 'FLBHRJWDCJ@dell.com', '3840093434', 3, '2429616218898445', '2008/02', 'user2063', 'password', 36, 20000, 'F');
INSERT INTO dvd.customers VALUES (2303, 'WPSJKF', 'LUTKRBZAXO', '4947395209 Dell Way', '', 'ARZPUXW', 'NV', '65474', 'US', 1, 'LUTKRBZAXO@dell.com', '4947395209', 3, '8240444743074477', '2009/09', 'user2303', 'password', 66, 20000, 'M');
INSERT INTO dvd.customers VALUES (2356, 'AZWSBL', 'ZYXCHTOWRG', '6155980013 Dell Way', '', 'CNUBGNZ', 'KY', '27719', 'US', 1, 'ZYXCHTOWRG@dell.com', '6155980013', 4, '5126263682264834', '2012/01', 'user2356', 'password', 69, 20000, 'F');
INSERT INTO dvd.customers VALUES (2364, 'GEVNOD', 'ZXDOQTHGCW', '4682559201 Dell Way', '', 'BOESSBG', 'KS', '88768', 'US', 1, 'ZXDOQTHGCW@dell.com', '4682559201', 4, '5284760760609060', '2011/07', 'user2364', 'password', 66, 40000, 'M');
INSERT INTO dvd.customers VALUES (2502, 'UNORDR', 'YCEFUZKEQV', '7706071229 Dell Way', '', 'RPCZEBO', 'AL', '21278', 'US', 1, 'YCEFUZKEQV@dell.com', '7706071229', 3, '6384035543072969', '2011/12', 'user2502', 'password', 45, 60000, 'M');
INSERT INTO dvd.customers VALUES (2542, 'FVFPDQ', 'ZWWWSDWQAY', '5492017586 Dell Way', '', 'LQUSCAN', 'NJ', '80068', 'US', 1, 'ZWWWSDWQAY@dell.com', '5492017586', 3, '4472140143159777', '2011/12', 'user2542', 'password', 49, 80000, 'M');
INSERT INTO dvd.customers VALUES (2613, 'AXEDMF', 'HERYEDYDJZ', '3557751549 Dell Way', '', 'RUXGNHD', 'AZ', '49051', 'US', 1, 'HERYEDYDJZ@dell.com', '3557751549', 1, '1336144173517823', '2011/10', 'user2613', 'password', 51, 80000, 'M');
INSERT INTO dvd.customers VALUES (2657, 'SDUBCZ', 'OUWBLGZQWE', '4916137806 Dell Way', '', 'LWTOCKY', 'NJ', '24203', 'US', 1, 'OUWBLGZQWE@dell.com', '4916137806', 1, '2640512077603489', '2011/03', 'user2657', 'password', 40, 20000, 'M');
INSERT INTO dvd.customers VALUES (2658, 'WTQFVM', 'FGWKBOWIIY', '8491446897 Dell Way', '', 'RFNYKYD', 'VA', '35979', 'US', 1, 'FGWKBOWIIY@dell.com', '8491446897', 3, '1109155752230435', '2011/04', 'user2658', 'password', 30, 100000, 'M');
INSERT INTO dvd.customers VALUES (2666, 'ZLINEO', 'TUFOZQWWCO', '3285947149 Dell Way', '', 'TLSUILZ', 'FL', '62492', 'US', 1, 'TUFOZQWWCO@dell.com', '3285947149', 3, '5050708737690001', '2012/08', 'user2666', 'password', 46, 80000, 'F');
INSERT INTO dvd.customers VALUES (2682, 'NQBKGU', 'PNOBWWCORL', '4863242879 Dell Way', '', 'WPRQMYX', 'FL', '36716', 'US', 1, 'PNOBWWCORL@dell.com', '4863242879', 5, '7814672396983951', '2012/09', 'user2682', 'password', 87, 100000, 'F');
INSERT INTO dvd.customers VALUES (2687, 'ZIOLRF', 'KCUQXENPOA', '1443143488 Dell Way', '', 'OHLGQCM', 'DC', '70974', 'US', 1, 'KCUQXENPOA@dell.com', '1443143488', 4, '9337184800300748', '2010/07', 'user2687', 'password', 35, 60000, 'M');
INSERT INTO dvd.customers VALUES (2774, 'AIHKWH', 'ZZMANEXGNZ', '5632723656 Dell Way', '', 'KDQKRCL', 'DE', '24146', 'US', 1, 'ZZMANEXGNZ@dell.com', '5632723656', 4, '2121177261229604', '2008/01', 'user2774', 'password', 72, 20000, 'M');
INSERT INTO dvd.customers VALUES (2871, 'THVVWD', 'NXTZSRUQYB', '9596394103 Dell Way', '', 'ZJTWRXY', 'ND', '10350', 'US', 1, 'NXTZSRUQYB@dell.com', '9596394103', 3, '3000420032069087', '2012/10', 'user2871', 'password', 35, 100000, 'F');
INSERT INTO dvd.customers VALUES (2902, 'CVRSWO', 'EWNMUDWXEG', '6831026827 Dell Way', '', 'DDSMXAS', 'MN', '61673', 'US', 1, 'EWNMUDWXEG@dell.com', '6831026827', 1, '1408931434620171', '2011/01', 'user2902', 'password', 40, 20000, 'M');
INSERT INTO dvd.customers VALUES (2905, 'OTDSXM', 'JSHMYDJCSR', '1783680294 Dell Way', '', 'KRSEOSK', 'ME', '30192', 'US', 1, 'JSHMYDJCSR@dell.com', '1783680294', 5, '2037621194962412', '2009/11', 'user2905', 'password', 82, 20000, 'M');
INSERT INTO dvd.customers VALUES (2907, 'XSJRMM', 'ZBSWMRRVCC', '4778062505 Dell Way', '', 'JZGTMCL', 'TX', '23374', 'US', 1, 'ZBSWMRRVCC@dell.com', '4778062505', 3, '2642249784432351', '2009/12', 'user2907', 'password', 83, 100000, 'F');
INSERT INTO dvd.customers VALUES (2924, 'KPFDXO', 'OWNAVGUOKQ', '8051806085 Dell Way', '', 'HXEVMRT', 'KY', '86468', 'US', 1, 'OWNAVGUOKQ@dell.com', '8051806085', 2, '7336931501049548', '2008/05', 'user2924', 'password', 41, 80000, 'M');
INSERT INTO dvd.customers VALUES (3034, 'IRVHHY', 'HBGZMQGVAE', '4551798217 Dell Way', '', 'JFCBFQT', 'WY', '38660', 'US', 1, 'HBGZMQGVAE@dell.com', '4551798217', 4, '7038539880421013', '2012/04', 'user3034', 'password', 46, 40000, 'F');
INSERT INTO dvd.customers VALUES (3064, 'DIUOOJ', 'UIINYMZHLU', '4246011914 Dell Way', '', 'HRSVNFU', 'NC', '87635', 'US', 1, 'UIINYMZHLU@dell.com', '4246011914', 1, '5874553762841970', '2010/02', 'user3064', 'password', 35, 40000, 'F');
INSERT INTO dvd.customers VALUES (3125, 'YLCPIH', 'TYAMAATUKS', '1489058204 Dell Way', '', 'MHWKJKN', 'HI', '16611', 'US', 1, 'TYAMAATUKS@dell.com', '1489058204', 3, '3065764544531703', '2011/08', 'user3125', 'password', 27, 100000, 'F');
INSERT INTO dvd.customers VALUES (3270, 'TAXIDF', 'TZLYBQANYC', '1212752492 Dell Way', '', 'GPLKTKM', 'AR', '18422', 'US', 1, 'TZLYBQANYC@dell.com', '1212752492', 3, '3455034184269607', '2010/09', 'user3270', 'password', 77, 100000, 'F');
INSERT INTO dvd.customers VALUES (3304, 'OAYHHN', 'LDJIQJGQAX', '3677287538 Dell Way', '', 'HTKILEI', 'TX', '17684', 'US', 1, 'LDJIQJGQAX@dell.com', '3677287538', 3, '2660667336080223', '2009/04', 'user3304', 'password', 44, 40000, 'M');
INSERT INTO dvd.customers VALUES (3395, 'KHZRHX', 'GJGERAPHEM', '7258727602 Dell Way', '', 'HCCSWVZ', 'LA', '19415', 'US', 1, 'GJGERAPHEM@dell.com', '7258727602', 2, '8824991243891418', '2008/06', 'user3395', 'password', 46, 100000, 'F');
INSERT INTO dvd.customers VALUES (3441, 'QFLGBX', 'XHGLWURHMR', '1335804140 Dell Way', '', 'AUUFJTW', 'WY', '59661', 'US', 1, 'XHGLWURHMR@dell.com', '1335804140', 3, '1624279525596648', '2010/07', 'user3441', 'password', 32, 40000, 'M');
INSERT INTO dvd.customers VALUES (3490, 'VXMCGY', 'NIEXDICAYJ', '8003313431 Dell Way', '', 'RFSLMFX', 'MA', '72358', 'US', 1, 'NIEXDICAYJ@dell.com', '8003313431', 3, '2385605062358081', '2008/07', 'user3490', 'password', 76, 100000, 'F');
INSERT INTO dvd.customers VALUES (3498, 'VOLKTQ', 'NCNNCNHGTP', '5124462180 Dell Way', '', 'AWJWECR', 'MS', '81623', 'US', 1, 'NCNNCNHGTP@dell.com', '5124462180', 4, '2558210270944982', '2010/03', 'user3498', 'password', 90, 60000, 'M');
INSERT INTO dvd.customers VALUES (3525, 'IHAKUD', 'ZRZIPJDPUN', '5474339323 Dell Way', '', 'OLFRGSG', 'OH', '51611', 'US', 1, 'ZRZIPJDPUN@dell.com', '5474339323', 3, '9675739965401590', '2009/08', 'user3525', 'password', 21, 100000, 'F');
INSERT INTO dvd.customers VALUES (3565, 'YBUUAV', 'CAJDPKNMSC', '6331686094 Dell Way', '', 'AOTCTQX', 'MI', '62697', 'US', 1, 'CAJDPKNMSC@dell.com', '6331686094', 2, '5678008895833045', '2010/09', 'user3565', 'password', 53, 80000, 'M');
INSERT INTO dvd.customers VALUES (3567, 'UENHMZ', 'SWXAZYPLEV', '5124255063 Dell Way', '', 'GCRGKYW', 'MI', '12304', 'US', 1, 'SWXAZYPLEV@dell.com', '5124255063', 3, '5377260732464492', '2010/09', 'user3567', 'password', 28, 100000, 'M');
INSERT INTO dvd.customers VALUES (3578, 'ZHUUWU', 'PGQBLHUMML', '6166901285 Dell Way', '', 'JILYNBE', 'FL', '10998', 'US', 1, 'PGQBLHUMML@dell.com', '6166901285', 1, '7730480073019862', '2010/10', 'user3578', 'password', 65, 80000, 'F');
INSERT INTO dvd.customers VALUES (3580, 'PRTJPK', 'KNEYJUTAVN', '8232040799 Dell Way', '', 'QLFGGXZ', 'NJ', '21345', 'US', 1, 'KNEYJUTAVN@dell.com', '8232040799', 2, '3892908112611621', '2008/11', 'user3580', 'password', 21, 80000, 'M');
INSERT INTO dvd.customers VALUES (3619, 'QVTVPW', 'FKCNOJWEPC', '2040128632 Dell Way', '', 'TWMEKTS', 'IL', '82240', 'US', 1, 'FKCNOJWEPC@dell.com', '2040128632', 3, '6033723497297615', '2011/08', 'user3619', 'password', 71, 100000, 'F');
INSERT INTO dvd.customers VALUES (3671, 'DJWVQH', 'ESFVZHWWBJ', '7593490463 Dell Way', '', 'TZUSDXA', 'AZ', '29564', 'US', 1, 'ESFVZHWWBJ@dell.com', '7593490463', 3, '1487732551991939', '2012/02', 'user3671', 'password', 73, 80000, 'F');
INSERT INTO dvd.customers VALUES (3707, 'EASBUG', 'ZFNRWGXTEM', '3386578946 Dell Way', '', 'QZRIETO', 'NM', '28125', 'US', 1, 'ZFNRWGXTEM@dell.com', '3386578946', 4, '7878175564575940', '2010/03', 'user3707', 'password', 58, 20000, 'F');
INSERT INTO dvd.customers VALUES (3795, 'YDHXPM', 'RBCXBGFTGO', '2566584538 Dell Way', '', 'JRAMWCG', 'HI', '83456', 'US', 1, 'RBCXBGFTGO@dell.com', '2566584538', 5, '1976070260629057', '2012/10', 'user3795', 'password', 82, 100000, 'F');
INSERT INTO dvd.customers VALUES (3848, 'UKWBAY', 'JSSYAGYGWU', '5478684526 Dell Way', '', 'XZGMJBB', 'ME', '47028', 'US', 1, 'JSSYAGYGWU@dell.com', '5478684526', 2, '5492933816742152', '2011/04', 'user3848', 'password', 51, 60000, 'F');
INSERT INTO dvd.customers VALUES (3904, 'EHUHMK', 'GARQDOIGQZ', '8116840178 Dell Way', '', 'BOWEUYO', 'UT', '10223', 'US', 1, 'GARQDOIGQZ@dell.com', '8116840178', 3, '1746593105606734', '2010/05', 'user3904', 'password', 49, 80000, 'M');
INSERT INTO dvd.customers VALUES (4006, 'NGZPNA', 'LAKLIXJWFU', '4427177686 Dell Way', '', 'LNCGMUR', 'CA', '61813', 'US', 1, 'LAKLIXJWFU@dell.com', '4427177686', 1, '1837194869760423', '2010/07', 'user4006', 'password', 23, 20000, 'F');
INSERT INTO dvd.customers VALUES (4012, 'RZFCUL', 'VKVBPDKRWU', '7470502077 Dell Way', '', 'EIZTROB', 'DC', '68019', 'US', 1, 'VKVBPDKRWU@dell.com', '7470502077', 5, '4223036908544600', '2010/11', 'user4012', 'password', 30, 40000, 'M');
INSERT INTO dvd.customers VALUES (4065, 'OQZGLT', 'JUMIMLZEHV', '3376689608 Dell Way', '', 'KPZIGIZ', 'WA', '78345', 'US', 1, 'JUMIMLZEHV@dell.com', '3376689608', 3, '1632587324362248', '2009/01', 'user4065', 'password', 45, 20000, 'F');
INSERT INTO dvd.customers VALUES (4081, 'ITWEWQ', 'NGMIDLATIG', '2486976893 Dell Way', '', 'XWBHXFU', 'AR', '60694', 'US', 1, 'NGMIDLATIG@dell.com', '2486976893', 4, '9860891885589808', '2009/12', 'user4081', 'password', 32, 20000, 'M');
INSERT INTO dvd.customers VALUES (4159, 'HSSJDP', 'HJZDLVSDYK', '1806026963 Dell Way', '', 'FQXBJHU', 'NV', '67140', 'US', 1, 'HJZDLVSDYK@dell.com', '1806026963', 4, '4707881257869303', '2009/01', 'user4159', 'password', 45, 100000, 'F');
INSERT INTO dvd.customers VALUES (4169, 'NYMLMI', 'JAWWDPNPVM', '1343954003 Dell Way', '', 'IJKUJME', 'LA', '11252', 'US', 1, 'JAWWDPNPVM@dell.com', '1343954003', 5, '2571136318147182', '2011/04', 'user4169', 'password', 42, 60000, 'F');
INSERT INTO dvd.customers VALUES (4198, 'HVVJUD', 'SQSXSVHWQU', '3273598527 Dell Way', '', 'TWIDJLE', 'GA', '61544', 'US', 1, 'SQSXSVHWQU@dell.com', '3273598527', 2, '5491387502290308', '2012/12', 'user4198', 'password', 24, 40000, 'M');
INSERT INTO dvd.customers VALUES (4298, 'YKOMVY', 'IGISXWSSAP', '8889791569 Dell Way', '', 'AGIHFLZ', 'LA', '49450', 'US', 1, 'IGISXWSSAP@dell.com', '8889791569', 4, '1378689678851515', '2012/09', 'user4298', 'password', 54, 80000, 'F');
INSERT INTO dvd.customers VALUES (4311, 'QGGUBY', 'YSRQCWESNU', '5349975684 Dell Way', '', 'JBNBQKW', 'WY', '34708', 'US', 1, 'YSRQCWESNU@dell.com', '5349975684', 4, '5027090650983155', '2010/07', 'user4311', 'password', 39, 20000, 'M');
INSERT INTO dvd.customers VALUES (4370, 'ETYTTS', 'CQHTQWAKLB', '9244383955 Dell Way', '', 'FSCPGDI', 'AZ', '95825', 'US', 1, 'CQHTQWAKLB@dell.com', '9244383955', 3, '3103820899501443', '2012/07', 'user4370', 'password', 35, 40000, 'F');
INSERT INTO dvd.customers VALUES (4429, 'BNFVNQ', 'GRTUXAMPAS', '6651517076 Dell Way', '', 'JPRZZKY', 'NC', '65207', 'US', 1, 'GRTUXAMPAS@dell.com', '6651517076', 3, '8782129988074303', '2009/12', 'user4429', 'password', 30, 20000, 'M');
INSERT INTO dvd.customers VALUES (4434, 'JWNJLK', 'WAZITYROQK', '8438810540 Dell Way', '', 'XLGNTSG', 'AR', '56838', 'US', 1, 'WAZITYROQK@dell.com', '8438810540', 1, '4935795259196311', '2009/10', 'user4434', 'password', 53, 20000, 'F');
INSERT INTO dvd.customers VALUES (4435, 'AOCHCU', 'TREVLMCWQN', '8901980290 Dell Way', '', 'NHEJBUW', 'CT', '69087', 'US', 1, 'TREVLMCWQN@dell.com', '8901980290', 3, '9402949640061706', '2009/06', 'user4435', 'password', 49, 80000, 'M');
INSERT INTO dvd.customers VALUES (4489, 'YFICDB', 'ZILYZTSKQH', '3761668891 Dell Way', '', 'YRUXASQ', 'NJ', '69970', 'US', 1, 'ZILYZTSKQH@dell.com', '3761668891', 5, '1396767914295196', '2012/08', 'user4489', 'password', 47, 60000, 'F');
INSERT INTO dvd.customers VALUES (4497, 'MQMMNY', 'TRJBFJVBUX', '8597518130 Dell Way', '', 'GJDTKXO', 'OK', '97897', 'US', 1, 'TRJBFJVBUX@dell.com', '8597518130', 1, '7229711830150336', '2010/06', 'user4497', 'password', 70, 20000, 'F');
INSERT INTO dvd.customers VALUES (4519, 'AROJGV', 'FJXUFJTWER', '9334936346 Dell Way', '', 'FCQCFZB', 'MD', '75011', 'US', 1, 'FJXUFJTWER@dell.com', '9334936346', 4, '5984131317585707', '2010/01', 'user4519', 'password', 52, 60000, 'M');
INSERT INTO dvd.customers VALUES (4594, 'BIXNMC', 'AOHQBRJLSS', '8066031469 Dell Way', '', 'XKERGMA', 'OR', '82160', 'US', 1, 'AOHQBRJLSS@dell.com', '8066031469', 5, '4481118774972856', '2008/02', 'user4594', 'password', 45, 20000, 'M');
INSERT INTO dvd.customers VALUES (4605, 'LPJYMU', 'KZHHIHFUBD', '2358177262 Dell Way', '', 'QIDEZRV', 'WI', '79440', 'US', 1, 'KZHHIHFUBD@dell.com', '2358177262', 3, '7736949460580945', '2008/02', 'user4605', 'password', 24, 80000, 'F');
INSERT INTO dvd.customers VALUES (4634, 'PWIZHB', 'DHLDGWHUDU', '5220359555 Dell Way', '', 'GSLOSDC', 'NV', '30422', 'US', 1, 'DHLDGWHUDU@dell.com', '5220359555', 2, '6760277706198394', '2010/05', 'user4634', 'password', 45, 100000, 'M');
INSERT INTO dvd.customers VALUES (4640, 'VWQTLP', 'MCTYAYTGXX', '8418322587 Dell Way', '', 'LXSAWQF', 'KY', '51336', 'US', 1, 'MCTYAYTGXX@dell.com', '8418322587', 4, '8998973456677049', '2008/04', 'user4640', 'password', 36, 80000, 'F');
INSERT INTO dvd.customers VALUES (4655, 'QGRREX', 'BMACQIPVLF', '7608064011 Dell Way', '', 'AVLMBZN', 'SC', '10924', 'US', 1, 'BMACQIPVLF@dell.com', '7608064011', 4, '4997981105931103', '2012/07', 'user4655', 'password', 29, 40000, 'F');
INSERT INTO dvd.customers VALUES (4871, 'AIFLIH', 'KFSDTYVTFU', '9156590753 Dell Way', '', 'QTFCAKU', 'TX', '83533', 'US', 1, 'KFSDTYVTFU@dell.com', '9156590753', 1, '3130161583423614', '2012/02', 'user4871', 'password', 61, 60000, 'M');
INSERT INTO dvd.customers VALUES (4952, 'AUNUSL', 'ORIZKQMJCU', '3941131280 Dell Way', '', 'WTPMXYK', 'MN', '77118', 'US', 1, 'ORIZKQMJCU@dell.com', '3941131280', 1, '8634118532296270', '2012/11', 'user4952', 'password', 37, 20000, 'F');
INSERT INTO dvd.customers VALUES (4974, 'BJORLK', 'PWXCQAMXRQ', '5571407792 Dell Way', '', 'DRGKFOK', 'MA', '97319', 'US', 1, 'PWXCQAMXRQ@dell.com', '5571407792', 5, '5612295516766608', '2012/11', 'user4974', 'password', 45, 60000, 'M');
INSERT INTO dvd.customers VALUES (5027, 'VZQVJK', 'DGJULXJJIN', '7368007034 Dell Way', '', 'VYASRTM', 'LA', '22835', 'US', 1, 'DGJULXJJIN@dell.com', '7368007034', 3, '5207363985013216', '2008/12', 'user5027', 'password', 88, 80000, 'M');
INSERT INTO dvd.customers VALUES (5050, 'TBUOXY', 'KMQHFNSGOK', '5347360912 Dell Way', '', 'UZFRWAV', 'NC', '70382', 'US', 1, 'KMQHFNSGOK@dell.com', '5347360912', 4, '9797624924220144', '2012/12', 'user5050', 'password', 33, 40000, 'F');
INSERT INTO dvd.customers VALUES (5068, 'LIHFUW', 'CELWZEWAXB', '5569704045 Dell Way', '', 'RAVOGEP', 'LA', '34150', 'US', 1, 'CELWZEWAXB@dell.com', '5569704045', 4, '6468516975641251', '2009/07', 'user5068', 'password', 41, 20000, 'F');
INSERT INTO dvd.customers VALUES (5071, 'BCMEJY', 'YEPFMTEKSA', '7788468002 Dell Way', '', 'IMCZCFA', 'WA', '71700', 'US', 1, 'YEPFMTEKSA@dell.com', '7788468002', 2, '9076365710236132', '2012/12', 'user5071', 'password', 22, 20000, 'F');
INSERT INTO dvd.customers VALUES (5173, 'DVKROL', 'CHVISKVBFF', '4314667874 Dell Way', '', 'RUJWXTH', 'NE', '64483', 'US', 1, 'CHVISKVBFF@dell.com', '4314667874', 1, '1251729775220155', '2009/12', 'user5173', 'password', 80, 80000, 'M');
INSERT INTO dvd.customers VALUES (5212, 'FADHAV', 'YVPUZCPGRN', '2212157799 Dell Way', '', 'LRHYSRL', 'NM', '47894', 'US', 1, 'YVPUZCPGRN@dell.com', '2212157799', 1, '5665649775415659', '2010/02', 'user5212', 'password', 60, 40000, 'F');
INSERT INTO dvd.customers VALUES (5341, 'ZZLGEZ', 'VGGOSEWLEP', '4908261323 Dell Way', '', 'NTWNPDG', 'DC', '27044', 'US', 1, 'VGGOSEWLEP@dell.com', '4908261323', 3, '1091409285087138', '2010/03', 'user5341', 'password', 45, 60000, 'F');
INSERT INTO dvd.customers VALUES (5344, 'BLJZYZ', 'FAECLUXIXO', '1238619284 Dell Way', '', 'BEXQLGG', 'CT', '90520', 'US', 1, 'FAECLUXIXO@dell.com', '1238619284', 5, '5760892004240304', '2010/03', 'user5344', 'password', 72, 40000, 'F');
INSERT INTO dvd.customers VALUES (5386, 'SIJFUG', 'HXCTFTSRGD', '4679937287 Dell Way', '', 'GWWPZCO', 'MT', '99933', 'US', 1, 'HXCTFTSRGD@dell.com', '4679937287', 5, '9548741559498012', '2009/03', 'user5386', 'password', 37, 80000, 'M');
INSERT INTO dvd.customers VALUES (5470, 'VZVBNL', 'WPXIGUQVDH', '8840560000 Dell Way', '', 'GKWADTC', 'MO', '44818', 'US', 1, 'WPXIGUQVDH@dell.com', '8840560000', 5, '4507391263730824', '2008/02', 'user5470', 'password', 21, 80000, 'M');
INSERT INTO dvd.customers VALUES (5489, 'ZLHFXZ', 'RKWGNCTXXU', '7141190093 Dell Way', '', 'YHQCJEL', 'OH', '13428', 'US', 1, 'RKWGNCTXXU@dell.com', '7141190093', 5, '9654197468422352', '2010/03', 'user5489', 'password', 83, 60000, 'M');
INSERT INTO dvd.customers VALUES (5520, 'CAMKIB', 'QMUFDOKXMT', '5168004130 Dell Way', '', 'CQPUYLB', 'WV', '80014', 'US', 1, 'QMUFDOKXMT@dell.com', '5168004130', 4, '1263693575747311', '2012/11', 'user5520', 'password', 72, 100000, 'F');
INSERT INTO dvd.customers VALUES (5624, 'FPBLWJ', 'IILXPUASQR', '8823468960 Dell Way', '', 'GGGBGUC', 'NE', '16555', 'US', 1, 'IILXPUASQR@dell.com', '8823468960', 2, '6391268195118755', '2009/12', 'user5624', 'password', 45, 60000, 'F');
INSERT INTO dvd.customers VALUES (5689, 'HOSSBB', 'BJDZGHONNV', '4339196658 Dell Way', '', 'TMZCCLO', 'HI', '38924', 'US', 1, 'BJDZGHONNV@dell.com', '4339196658', 2, '7655979785602540', '2012/03', 'user5689', 'password', 82, 20000, 'F');
INSERT INTO dvd.customers VALUES (5726, 'OGABFJ', 'JOVGVVPAUG', '6878775085 Dell Way', '', 'FNIRYVK', 'RI', '34256', 'US', 1, 'JOVGVVPAUG@dell.com', '6878775085', 2, '1755451654084026', '2009/01', 'user5726', 'password', 19, 100000, 'M');
INSERT INTO dvd.customers VALUES (5781, 'IDQHBR', 'CJHUXPVJSN', '5231001685 Dell Way', '', 'XWCZQDI', 'MI', '55321', 'US', 1, 'CJHUXPVJSN@dell.com', '5231001685', 5, '2863240363076329', '2012/06', 'user5781', 'password', 54, 60000, 'F');
INSERT INTO dvd.customers VALUES (5824, 'IJYOJN', 'LJYTQRJBTN', '3797958693 Dell Way', '', 'WFNHTOE', 'MD', '58149', 'US', 1, 'LJYTQRJBTN@dell.com', '3797958693', 5, '5352746888529509', '2010/07', 'user5824', 'password', 77, 20000, 'F');
INSERT INTO dvd.customers VALUES (5839, 'NXMGOJ', 'ZBYKNFHNKO', '6456583463 Dell Way', '', 'TBLODMN', 'NY', '61072', 'US', 1, 'ZBYKNFHNKO@dell.com', '6456583463', 3, '7967256658710539', '2010/07', 'user5839', 'password', 75, 60000, 'F');
INSERT INTO dvd.customers VALUES (5908, 'YVVMFI', 'ZVDEJRONHZ', '3279016480 Dell Way', '', 'UHBTHKN', 'ME', '50201', 'US', 1, 'ZVDEJRONHZ@dell.com', '3279016480', 5, '9243510670494288', '2009/07', 'user5908', 'password', 54, 100000, 'M');
INSERT INTO dvd.customers VALUES (5974, 'CDUFOE', 'BBTRXQAXYK', '2843580051 Dell Way', '', 'TWVMZIF', 'VT', '63209', 'US', 1, 'BBTRXQAXYK@dell.com', '2843580051', 1, '9126596917863936', '2008/06', 'user5974', 'password', 48, 60000, 'F');
INSERT INTO dvd.customers VALUES (5994, 'QMICPN', 'YCMLQRKFWB', '6873960013 Dell Way', '', 'SKLETWQ', 'DC', '17406', 'US', 1, 'YCMLQRKFWB@dell.com', '6873960013', 1, '9977003590669484', '2009/02', 'user5994', 'password', 66, 40000, 'M');
INSERT INTO dvd.customers VALUES (6018, 'ZHLSTG', 'TPUIWZAWIS', '1538356309 Dell Way', '', 'XOHYXDL', 'OH', '96996', 'US', 1, 'TPUIWZAWIS@dell.com', '1538356309', 3, '5771376696415246', '2008/07', 'user6018', 'password', 79, 80000, 'M');
INSERT INTO dvd.customers VALUES (6036, 'SEFDWF', 'SYGEOTPTXW', '5921625080 Dell Way', '', 'KPWPRLY', 'MT', '49105', 'US', 1, 'SYGEOTPTXW@dell.com', '5921625080', 5, '4482166575733572', '2010/05', 'user6036', 'password', 88, 100000, 'M');
INSERT INTO dvd.customers VALUES (6076, 'CQUQBZ', 'WNZGWVPIUE', '9317824582 Dell Way', '', 'HFZIEON', 'CA', '68670', 'US', 1, 'WNZGWVPIUE@dell.com', '9317824582', 4, '7633928745985031', '2010/09', 'user6076', 'password', 47, 40000, 'F');
INSERT INTO dvd.customers VALUES (6195, 'WUPOXA', 'RVOSWAWFXB', '5699628062 Dell Way', '', 'LZLBKZE', 'OH', '51303', 'US', 1, 'RVOSWAWFXB@dell.com', '5699628062', 4, '2515971052926033', '2010/03', 'user6195', 'password', 69, 80000, 'M');
INSERT INTO dvd.customers VALUES (6225, 'ILLZYV', 'MQJSPVCLLH', '8526332315 Dell Way', '', 'AVGRFHI', 'SD', '36035', 'US', 1, 'MQJSPVCLLH@dell.com', '8526332315', 2, '8816149295773357', '2011/04', 'user6225', 'password', 58, 80000, 'M');
INSERT INTO dvd.customers VALUES (6356, 'SRXUZC', 'GHHFGTJQEN', '1996981047 Dell Way', '', 'BXTSKFO', 'WA', '69158', 'US', 1, 'GHHFGTJQEN@dell.com', '1996981047', 2, '7928608545567840', '2010/12', 'user6356', 'password', 33, 40000, 'F');
INSERT INTO dvd.customers VALUES (6359, 'KIMTGL', 'JPVBTTWUDH', '6100008585 Dell Way', '', 'VRYOZIO', 'KS', '49427', 'US', 1, 'JPVBTTWUDH@dell.com', '6100008585', 1, '9223879381548612', '2008/05', 'user6359', 'password', 90, 40000, 'F');
INSERT INTO dvd.customers VALUES (6506, 'JRXTUG', 'TDLEXTFIZN', '3221252268 Dell Way', '', 'TXHESAG', 'AZ', '13868', 'US', 1, 'TDLEXTFIZN@dell.com', '3221252268', 4, '3084573769941926', '2012/09', 'user6506', 'password', 80, 80000, 'F');
INSERT INTO dvd.customers VALUES (6535, 'AKYEAX', 'XGXJTTUFXA', '9645333446 Dell Way', '', 'FGNCCXL', 'RI', '46839', 'US', 1, 'XGXJTTUFXA@dell.com', '9645333446', 4, '6965956664178520', '2009/01', 'user6535', 'password', 54, 60000, 'F');
INSERT INTO dvd.customers VALUES (6584, 'UAYEVA', 'UCKNYSRSAJ', '3127797916 Dell Way', '', 'JDRFIXX', 'MA', '56617', 'US', 1, 'UCKNYSRSAJ@dell.com', '3127797916', 4, '7795794507022947', '2010/03', 'user6584', 'password', 88, 80000, 'M');
INSERT INTO dvd.customers VALUES (6652, 'UVHCBU', 'EGGWWWZILO', '2897046988 Dell Way', '', 'VTFFZTT', 'HI', '11973', 'US', 1, 'EGGWWWZILO@dell.com', '2897046988', 2, '5887935244943947', '2009/05', 'user6652', 'password', 70, 60000, 'F');
INSERT INTO dvd.customers VALUES (6879, 'DSUKHB', 'KAEZLASTYX', '6091013554 Dell Way', '', 'NTTEZTK', 'MT', '71259', 'US', 1, 'KAEZLASTYX@dell.com', '6091013554', 2, '6898230949416757', '2011/02', 'user6879', 'password', 68, 100000, 'F');
INSERT INTO dvd.customers VALUES (6952, 'XFUVCY', 'YUQRIQSCCT', '7077227941 Dell Way', '', 'BCOMPSM', 'WV', '81524', 'US', 1, 'YUQRIQSCCT@dell.com', '7077227941', 4, '2673140245024114', '2010/08', 'user6952', 'password', 21, 100000, 'M');
INSERT INTO dvd.customers VALUES (7090, 'YBJSMM', 'VUUCSDWTAW', '8689874453 Dell Way', '', 'DFSXEHB', 'CT', '34083', 'US', 1, 'VUUCSDWTAW@dell.com', '8689874453', 5, '2577103608753532', '2010/03', 'user7090', 'password', 19, 20000, 'M');
INSERT INTO dvd.customers VALUES (7154, 'DHGODB', 'GOSWWGRIPQ', '1756100287 Dell Way', '', 'OWDSKWF', 'SD', '93849', 'US', 1, 'GOSWWGRIPQ@dell.com', '1756100287', 1, '7239994380157441', '2011/11', 'user7154', 'password', 26, 80000, 'F');
INSERT INTO dvd.customers VALUES (7259, 'QAEPUN', 'PNFBPKVPLF', '4228949218 Dell Way', '', 'WSJJFEO', 'MA', '44924', 'US', 1, 'PNFBPKVPLF@dell.com', '4228949218', 5, '5169523430522531', '2010/11', 'user7259', 'password', 51, 20000, 'F');
INSERT INTO dvd.customers VALUES (7378, 'IRWFZZ', 'VVNKHAXFUJ', '1146468355 Dell Way', '', 'AMEIBZZ', 'MN', '29091', 'US', 1, 'VVNKHAXFUJ@dell.com', '1146468355', 3, '9092082859948276', '2008/12', 'user7378', 'password', 54, 80000, 'F');
INSERT INTO dvd.customers VALUES (7620, 'JUBRRP', 'GVUYUKKDRN', '3299343065 Dell Way', '', 'XHSMKVZ', 'FL', '43793', 'US', 1, 'GVUYUKKDRN@dell.com', '3299343065', 5, '4339539926964789', '2010/03', 'user7620', 'password', 62, 80000, 'F');
INSERT INTO dvd.customers VALUES (7644, 'FZVXYU', 'JKJDNKGSYW', '2391453208 Dell Way', '', 'TXDDCKY', 'FL', '48260', 'US', 1, 'JKJDNKGSYW@dell.com', '2391453208', 3, '6180462408345193', '2012/10', 'user7644', 'password', 30, 40000, 'M');
INSERT INTO dvd.customers VALUES (7645, 'GKSQBO', 'MACEAGZKEU', '2422953934 Dell Way', '', 'JYIIANW', 'TN', '48750', 'US', 1, 'MACEAGZKEU@dell.com', '2422953934', 3, '1373208689503371', '2010/01', 'user7645', 'password', 82, 20000, 'M');
INSERT INTO dvd.customers VALUES (7668, 'MOXANE', 'NBCTZWDQBQ', '6222319717 Dell Way', '', 'BBNXGKW', 'HI', '52121', 'US', 1, 'NBCTZWDQBQ@dell.com', '6222319717', 1, '1837942346930503', '2008/04', 'user7668', 'password', 32, 40000, 'F');
INSERT INTO dvd.customers VALUES (7744, 'GZVPME', 'OZNQWMRUXT', '9504550808 Dell Way', '', 'LDUDUNL', 'OH', '12544', 'US', 1, 'OZNQWMRUXT@dell.com', '9504550808', 4, '3215304754674434', '2009/07', 'user7744', 'password', 19, 80000, 'F');
INSERT INTO dvd.customers VALUES (7771, 'JHYAPL', 'VSSWOLVOJD', '1215077271 Dell Way', '', 'XPPHVUG', 'WI', '68125', 'US', 1, 'VSSWOLVOJD@dell.com', '1215077271', 1, '5663476469460875', '2012/10', 'user7771', 'password', 25, 20000, 'F');
INSERT INTO dvd.customers VALUES (7778, 'BUXHJR', 'JMZXHSMAYI', '9968095987 Dell Way', '', 'KWYTAVR', 'AZ', '23736', 'US', 1, 'JMZXHSMAYI@dell.com', '9968095987', 4, '7613602354191244', '2010/07', 'user7778', 'password', 40, 100000, 'M');
INSERT INTO dvd.customers VALUES (7837, 'IDVOUU', 'PLFHDYQHCB', '2336867375 Dell Way', '', 'QAUJDWK', 'MI', '49364', 'US', 1, 'PLFHDYQHCB@dell.com', '2336867375', 3, '9999320143833756', '2010/04', 'user7837', 'password', 69, 20000, 'F');
INSERT INTO dvd.customers VALUES (7870, 'BRAEEL', 'FTJGGJJWVC', '6058003104 Dell Way', '', 'NMEFWCB', 'NJ', '65684', 'US', 1, 'FTJGGJJWVC@dell.com', '6058003104', 5, '7380679478403181', '2008/07', 'user7870', 'password', 30, 40000, 'M');
INSERT INTO dvd.customers VALUES (7877, 'RTLJQW', 'RASWGAOHXA', '3630136416 Dell Way', '', 'WHLWNPO', 'AZ', '53406', 'US', 1, 'RASWGAOHXA@dell.com', '3630136416', 4, '1173691779840737', '2009/10', 'user7877', 'password', 47, 20000, 'F');
INSERT INTO dvd.customers VALUES (8011, 'ACPLNV', 'RZMWINVZEQ', '2266050104 Dell Way', '', 'UZMWLLF', 'MA', '22289', 'US', 1, 'RZMWINVZEQ@dell.com', '2266050104', 4, '6187612272333354', '2009/01', 'user8011', 'password', 32, 100000, 'M');
INSERT INTO dvd.customers VALUES (8326, 'SNCFWF', 'FKWYZOOSYK', '8195925316 Dell Way', '', 'LUOLZAF', 'MA', '71216', 'US', 1, 'FKWYZOOSYK@dell.com', '8195925316', 4, '5467183344531804', '2011/05', 'user8326', 'password', 75, 60000, 'F');
INSERT INTO dvd.customers VALUES (8354, 'RTEFLY', 'HOKQHNGKIU', '4855597331 Dell Way', '', 'XLUXYMR', 'WV', '91865', 'US', 1, 'HOKQHNGKIU@dell.com', '4855597331', 3, '1892524722032249', '2011/04', 'user8354', 'password', 49, 40000, 'M');
INSERT INTO dvd.customers VALUES (8606, 'YBEJJD', 'ECTODWVDEC', '5727410110 Dell Way', '', 'QFPUHRJ', 'CO', '58346', 'US', 1, 'ECTODWVDEC@dell.com', '5727410110', 1, '3744429277721792', '2008/12', 'user8606', 'password', 44, 60000, 'F');
INSERT INTO dvd.customers VALUES (8631, 'TCXQRQ', 'EWYONQYMMD', '3414260831 Dell Way', '', 'YDBVREA', 'AL', '43757', 'US', 1, 'EWYONQYMMD@dell.com', '3414260831', 2, '1645257509779185', '2009/06', 'user8631', 'password', 26, 100000, 'F');
INSERT INTO dvd.customers VALUES (8661, 'NAHVSA', 'BDBXGJNGGS', '1368732359 Dell Way', '', 'HRZEGJS', 'NV', '29774', 'US', 1, 'BDBXGJNGGS@dell.com', '1368732359', 4, '6541460869368166', '2009/03', 'user8661', 'password', 72, 80000, 'M');
INSERT INTO dvd.customers VALUES (8665, 'LTLYLA', 'IHMUGLHEIS', '9892214860 Dell Way', '', 'VFUWRQV', 'OK', '63102', 'US', 1, 'IHMUGLHEIS@dell.com', '9892214860', 4, '8849446305539459', '2010/02', 'user8665', 'password', 69, 80000, 'F');
INSERT INTO dvd.customers VALUES (8722, 'UWLSVG', 'COWDDBNLSU', '6985318634 Dell Way', '', 'JCDAKJD', 'PA', '90159', 'US', 1, 'COWDDBNLSU@dell.com', '6985318634', 5, '3322195746004581', '2012/06', 'user8722', 'password', 22, 80000, 'F');
INSERT INTO dvd.customers VALUES (8987, 'BMVDDV', 'SCOBWFFOZN', '7129958092 Dell Way', '', 'OIBXPKK', 'NY', '59128', 'US', 1, 'SCOBWFFOZN@dell.com', '7129958092', 2, '7134143059141934', '2011/11', 'user8987', 'password', 24, 40000, 'F');
INSERT INTO dvd.customers VALUES (9051, 'NITJFS', 'OFHYJKUJZZ', '2501672687 Dell Way', '', 'CPRIPWL', 'FL', '43407', 'US', 1, 'OFHYJKUJZZ@dell.com', '2501672687', 4, '5308284617960453', '2010/07', 'user9051', 'password', 77, 40000, 'M');
INSERT INTO dvd.customers VALUES (9058, 'HIJBYF', 'AWUROANGXA', '7041883144 Dell Way', '', 'HRTJDOP', 'DE', '26633', 'US', 1, 'AWUROANGXA@dell.com', '7041883144', 4, '7261926635634154', '2011/10', 'user9058', 'password', 82, 60000, 'F');
INSERT INTO dvd.customers VALUES (9163, 'EIUZXW', 'DJJEOHVQLK', '5356894555 Dell Way', '', 'ISYDVCH', 'OH', '71885', 'US', 1, 'DJJEOHVQLK@dell.com', '5356894555', 3, '6809696200303733', '2008/09', 'user9163', 'password', 82, 40000, 'M');
INSERT INTO dvd.customers VALUES (9253, 'OYXOYJ', 'KCQWUVZMQC', '4918850801 Dell Way', '', 'JKMLYZL', 'MT', '10145', 'US', 1, 'KCQWUVZMQC@dell.com', '4918850801', 3, '3863259368110448', '2011/01', 'user9253', 'password', 35, 100000, 'M');
INSERT INTO dvd.customers VALUES (9304, 'WYVVFD', 'CEAEWDCHSQ', '7940367894 Dell Way', '', 'XFDQYRL', 'RI', '31773', 'US', 1, 'CEAEWDCHSQ@dell.com', '7940367894', 1, '5057949612382799', '2010/06', 'user9304', 'password', 38, 40000, 'F');
INSERT INTO dvd.customers VALUES (9318, 'IVPFGS', 'IGOMRDUTSR', '9522951097 Dell Way', '', 'QQIYDRE', 'WI', '26990', 'US', 1, 'IGOMRDUTSR@dell.com', '9522951097', 1, '5893409629352391', '2011/03', 'user9318', 'password', 61, 80000, 'M');
INSERT INTO dvd.customers VALUES (9372, 'KCSYST', 'UCTDDUQOPR', '6688039308 Dell Way', '', 'CILNDKW', 'NM', '19568', 'US', 1, 'UCTDDUQOPR@dell.com', '6688039308', 5, '3148768834304064', '2010/08', 'user9372', 'password', 20, 60000, 'F');
INSERT INTO dvd.customers VALUES (9418, 'XTMRNC', 'ZHRQVPRNFW', '3019740792 Dell Way', '', 'NJQLLGZ', 'CT', '31362', 'US', 1, 'ZHRQVPRNFW@dell.com', '3019740792', 4, '1779603764414787', '2012/08', 'user9418', 'password', 34, 40000, 'F');
INSERT INTO dvd.customers VALUES (9448, 'CTNQWF', 'MZNBJGFFFK', '9876001611 Dell Way', '', 'EYJKRJS', 'AZ', '16961', 'US', 1, 'MZNBJGFFFK@dell.com', '9876001611', 2, '3369182742200792', '2010/02', 'user9448', 'password', 29, 20000, 'M');
INSERT INTO dvd.customers VALUES (9466, 'OGWNJV', 'PNDMORLSIT', '8309105911 Dell Way', '', 'NALUNYS', 'TN', '92346', 'US', 1, 'PNDMORLSIT@dell.com', '8309105911', 2, '2289269686676561', '2008/05', 'user9466', 'password', 61, 20000, 'M');
INSERT INTO dvd.customers VALUES (9523, 'CDSHNW', 'DQSGAKQCQG', '3954224743 Dell Way', '', 'XJKMPUB', 'IL', '81590', 'US', 1, 'DQSGAKQCQG@dell.com', '3954224743', 3, '5302333617582917', '2012/01', 'user9523', 'password', 78, 100000, 'F');
INSERT INTO dvd.customers VALUES (9564, 'ZYYYIH', 'QJITLIGQUT', '4281262293 Dell Way', '', 'YAYFRKX', 'CO', '60572', 'US', 1, 'QJITLIGQUT@dell.com', '4281262293', 1, '1879089348483830', '2009/10', 'user9564', 'password', 32, 80000, 'F');
INSERT INTO dvd.customers VALUES (9601, 'XSTSLF', 'JLFVVHIUYI', '4472980625 Dell Way', '', 'BXJBGKY', 'OH', '63496', 'US', 1, 'JLFVVHIUYI@dell.com', '4472980625', 4, '1398745020851492', '2012/06', 'user9601', 'password', 32, 40000, 'F');
INSERT INTO dvd.customers VALUES (9684, 'VZKHNK', 'FKKNVWMETF', '7970681936 Dell Way', '', 'WLZLWME', 'OK', '86466', 'US', 1, 'FKKNVWMETF@dell.com', '7970681936', 3, '8160850978456438', '2009/09', 'user9684', 'password', 81, 60000, 'M');
INSERT INTO dvd.customers VALUES (9796, 'MEMQOE', 'TQITALCYIB', '2637973572 Dell Way', '', 'OIMACAY', 'MS', '26883', 'US', 1, 'TQITALCYIB@dell.com', '2637973572', 4, '4741630249191075', '2011/03', 'user9796', 'password', 62, 80000, 'F');
INSERT INTO dvd.customers VALUES (9854, 'OQEPQI', 'KMLNLUGWQU', '7271792705 Dell Way', '', 'JLBAPOH', 'FL', '46441', 'US', 1, 'KMLNLUGWQU@dell.com', '7271792705', 5, '7573396305087954', '2011/11', 'user9854', 'password', 65, 100000, 'F');
INSERT INTO dvd.customers VALUES (9874, 'UFVYBF', 'PQVJNPZCLJ', '7993660491 Dell Way', '', 'HAWYBSH', 'FL', '21481', 'US', 1, 'PQVJNPZCLJ@dell.com', '7993660491', 5, '4331250023562461', '2009/09', 'user9874', 'password', 56, 100000, 'F');
INSERT INTO dvd.customers VALUES (9966, 'ZCWOKR', 'BTDPAPKAQW', '2212942391 Dell Way', '', 'UIKYGID', 'NH', '28761', 'US', 1, 'BTDPAPKAQW@dell.com', '2212942391', 2, '5539057087153196', '2009/09', 'user9966', 'password', 46, 60000, 'F');
INSERT INTO dvd.customers VALUES (10100, 'SVMUOK', 'KFEKYYGIQN', '2650179429 Dell Way', '', 'KVREMJQ', '', '00000', 'Chile', 2, 'KFEKYYGIQN@dell.com', '2650179429', 2, '1269592113792896', '2009/05', 'user10100', 'password', 43, 20000, 'M');
INSERT INTO dvd.customers VALUES (10184, 'OZSFZO', 'RMMBHBAACR', '6162576005 Dell Way', '', 'JARUJJK', '', '00000', 'China', 2, 'RMMBHBAACR@dell.com', '6162576005', 4, '9541456298436970', '2009/08', 'user10184', 'password', 40, 100000, 'M');
INSERT INTO dvd.customers VALUES (10220, 'VHVZDL', 'FVJSAYHMVE', '6769044518 Dell Way', '', 'VVAVGDP', '', '00000', 'Japan', 2, 'FVJSAYHMVE@dell.com', '6769044518', 4, '5681820482481271', '2012/10', 'user10220', 'password', 52, 60000, 'M');
INSERT INTO dvd.customers VALUES (10361, 'ITVCFI', 'AWPUNIBTPT', '8891436258 Dell Way', '', 'REUPTPE', '', '00000', 'Japan', 2, 'AWPUNIBTPT@dell.com', '8891436258', 4, '3646027825772762', '2011/07', 'user10361', 'password', 39, 80000, 'F');
INSERT INTO dvd.customers VALUES (10383, 'TMLILZ', 'NIFTFVBJRT', '9202164732 Dell Way', '', 'QBCCPKC', '', '00000', 'Japan', 2, 'NIFTFVBJRT@dell.com', '9202164732', 3, '4673555897548794', '2008/09', 'user10383', 'password', 76, 20000, 'M');
INSERT INTO dvd.customers VALUES (10644, 'RTBJZX', 'BLQTJWXUQB', '7664254769 Dell Way', '', 'XMUKCFN', '', '00000', 'Australia', 2, 'BLQTJWXUQB@dell.com', '7664254769', 3, '3667395534925163', '2009/10', 'user10644', 'password', 18, 100000, 'F');
INSERT INTO dvd.customers VALUES (10707, 'ONINGK', 'CDJJPTGCHX', '9935451743 Dell Way', '', 'OTJEGFF', '', '00000', 'Chile', 2, 'CDJJPTGCHX@dell.com', '9935451743', 1, '9217808964196592', '2008/08', 'user10707', 'password', 76, 60000, 'F');
INSERT INTO dvd.customers VALUES (10870, 'IRYVBW', 'LBPZANXWRK', '7125843105 Dell Way', '', 'KRSFVTE', '', '00000', 'UK', 2, 'LBPZANXWRK@dell.com', '7125843105', 3, '3780643776524812', '2008/04', 'user10870', 'password', 25, 40000, 'F');
INSERT INTO dvd.customers VALUES (10872, 'MUHGFF', 'INGNCNRKPA', '5790943134 Dell Way', '', 'YVAAOTE', '', '00000', 'Canada', 2, 'INGNCNRKPA@dell.com', '5790943134', 1, '4999503573868423', '2012/06', 'user10872', 'password', 58, 20000, 'M');
INSERT INTO dvd.customers VALUES (11000, 'PHUMLD', 'HAQDNCJKST', '7266649980 Dell Way', '', 'NVFSNXR', '', '00000', 'France', 2, 'HAQDNCJKST@dell.com', '7266649980', 5, '1302104778587818', '2012/06', 'user11000', 'password', 37, 40000, 'F');
INSERT INTO dvd.customers VALUES (11012, 'MZKGYT', 'YOWYBXXQFI', '6808864053 Dell Way', '', 'PPSVKEU', '', '00000', 'Japan', 2, 'YOWYBXXQFI@dell.com', '6808864053', 5, '2147089282050728', '2009/06', 'user11012', 'password', 44, 40000, 'M');
INSERT INTO dvd.customers VALUES (11109, 'MSSTOV', 'VWMDDWGZEH', '5006050816 Dell Way', '', 'PHWVCWJ', '', '00000', 'China', 2, 'VWMDDWGZEH@dell.com', '5006050816', 3, '4503565918188542', '2010/11', 'user11109', 'password', 84, 80000, 'M');
INSERT INTO dvd.customers VALUES (11138, 'RVLDYZ', 'BAIXVNQBJV', '3812606613 Dell Way', '', 'OYTWDGX', '', '00000', 'Russia', 2, 'BAIXVNQBJV@dell.com', '3812606613', 1, '7149000472854823', '2010/08', 'user11138', 'password', 60, 100000, 'F');
INSERT INTO dvd.customers VALUES (11178, 'JCURBJ', 'GSMIMXIWXQ', '1313960758 Dell Way', '', 'STPGIQJ', '', '00000', 'France', 2, 'GSMIMXIWXQ@dell.com', '1313960758', 4, '1855709441937506', '2008/07', 'user11178', 'password', 25, 100000, 'M');
INSERT INTO dvd.customers VALUES (11219, 'HHPUBP', 'SEQOQYCDOF', '4024113110 Dell Way', '', 'LZLYZUZ', '', '00000', 'South Africa', 2, 'SEQOQYCDOF@dell.com', '4024113110', 2, '7618866294156760', '2011/09', 'user11219', 'password', 90, 20000, 'F');
INSERT INTO dvd.customers VALUES (11456, 'VJFVSP', 'LBLCJGSOEK', '1772516060 Dell Way', '', 'HLCGDHS', '', '00000', 'South Africa', 2, 'LBLCJGSOEK@dell.com', '1772516060', 2, '6909817036241293', '2012/09', 'user11456', 'password', 38, 20000, 'M');
INSERT INTO dvd.customers VALUES (11585, 'NALJJU', 'GSUGSTIGGE', '7715642365 Dell Way', '', 'DFRMAFW', '', '00000', 'Russia', 2, 'GSUGSTIGGE@dell.com', '7715642365', 2, '6724134285934269', '2009/10', 'user11585', 'password', 20, 20000, 'M');
INSERT INTO dvd.customers VALUES (11606, 'CDBJIC', 'OJOXMFYSNJ', '9633833948 Dell Way', '', 'UWQJGOT', '', '00000', 'Russia', 2, 'OJOXMFYSNJ@dell.com', '9633833948', 1, '1240976233500987', '2012/06', 'user11606', 'password', 88, 60000, 'F');
INSERT INTO dvd.customers VALUES (11688, 'XMTGAJ', 'LKXURXTPVI', '5951468444 Dell Way', '', 'NCORZMH', '', '00000', 'UK', 2, 'LKXURXTPVI@dell.com', '5951468444', 2, '2158005617093294', '2011/06', 'user11688', 'password', 60, 100000, 'M');
INSERT INTO dvd.customers VALUES (11735, 'XTJVYK', 'QSYYKYLDWM', '7090202386 Dell Way', '', 'YGVJOXM', '', '00000', 'France', 2, 'QSYYKYLDWM@dell.com', '7090202386', 1, '9354063958395272', '2008/05', 'user11735', 'password', 86, 40000, 'M');
INSERT INTO dvd.customers VALUES (11856, 'HVYZYK', 'MHPMQUKFBX', '2126207911 Dell Way', '', 'EMQSRNU', '', '00000', 'UK', 2, 'MHPMQUKFBX@dell.com', '2126207911', 1, '8199522921349853', '2012/09', 'user11856', 'password', 57, 40000, 'M');
INSERT INTO dvd.customers VALUES (11857, 'TKPDMP', 'XODSQNUMGK', '9809392814 Dell Way', '', 'XWIQZJH', '', '00000', 'Canada', 2, 'XODSQNUMGK@dell.com', '9809392814', 2, '6318714390974492', '2011/11', 'user11857', 'password', 88, 60000, 'M');
INSERT INTO dvd.customers VALUES (11873, 'EWDNYG', 'FNCGEAALAZ', '4894462673 Dell Way', '', 'YMJSPXR', '', '00000', 'Canada', 2, 'FNCGEAALAZ@dell.com', '4894462673', 2, '2672614729031920', '2008/12', 'user11873', 'password', 39, 60000, 'F');
INSERT INTO dvd.customers VALUES (11908, 'HVFFYL', 'FVUQBFFLEL', '5134551812 Dell Way', '', 'JCSJFGL', '', '00000', 'South Africa', 2, 'FVUQBFFLEL@dell.com', '5134551812', 5, '9649278271943332', '2009/03', 'user11908', 'password', 32, 60000, 'F');
INSERT INTO dvd.customers VALUES (11918, 'EWASLZ', 'ZCNBQNAMBR', '8593806867 Dell Way', '', 'VRILDMN', '', '00000', 'Australia', 2, 'ZCNBQNAMBR@dell.com', '8593806867', 3, '7347887595649809', '2010/08', 'user11918', 'password', 43, 80000, 'F');
INSERT INTO dvd.customers VALUES (11937, 'QXQETH', 'JEETTRESXD', '8416748675 Dell Way', '', 'RTADGEH', '', '00000', 'Australia', 2, 'JEETTRESXD@dell.com', '8416748675', 2, '5353383607231080', '2012/02', 'user11937', 'password', 77, 20000, 'F');
INSERT INTO dvd.customers VALUES (12003, 'FBQKCG', 'XBYDBSGIZO', '5002745802 Dell Way', '', 'GQUVDWN', '', '00000', 'Germany', 2, 'XBYDBSGIZO@dell.com', '5002745802', 3, '7193181061185896', '2010/07', 'user12003', 'password', 69, 100000, 'F');
INSERT INTO dvd.customers VALUES (12071, 'ZRPOWB', 'QLREVFYDTO', '4998899133 Dell Way', '', 'IPVJVIY', '', '00000', 'UK', 2, 'QLREVFYDTO@dell.com', '4998899133', 1, '1416508201509714', '2010/09', 'user12071', 'password', 37, 100000, 'M');
INSERT INTO dvd.customers VALUES (12115, 'CGLSJL', 'DTVJPXQKIQ', '8132959407 Dell Way', '', 'AAHUHSE', '', '00000', 'Chile', 2, 'DTVJPXQKIQ@dell.com', '8132959407', 4, '1512861057650297', '2009/10', 'user12115', 'password', 50, 40000, 'F');
INSERT INTO dvd.customers VALUES (12170, 'KMHPBP', 'XIKRVGKKFC', '1398129018 Dell Way', '', 'UIYVGNW', '', '00000', 'China', 2, 'XIKRVGKKFC@dell.com', '1398129018', 1, '4297221852000803', '2010/06', 'user12170', 'password', 26, 60000, 'F');
INSERT INTO dvd.customers VALUES (12180, 'IWJCGY', 'YCQXZDABKY', '6263235780 Dell Way', '', 'OOMDCGF', '', '00000', 'UK', 2, 'YCQXZDABKY@dell.com', '6263235780', 3, '4596050911583006', '2012/07', 'user12180', 'password', 54, 20000, 'F');
INSERT INTO dvd.customers VALUES (12208, 'PBFVXR', 'FAGTJZRETO', '8889614682 Dell Way', '', 'SSVMJOA', '', '00000', 'UK', 2, 'FAGTJZRETO@dell.com', '8889614682', 2, '6899264760781080', '2008/02', 'user12208', 'password', 71, 80000, 'M');
INSERT INTO dvd.customers VALUES (12225, 'YKONWG', 'QSHFYYPGIO', '6870239047 Dell Way', '', 'TWRCHLF', '', '00000', 'Russia', 2, 'QSHFYYPGIO@dell.com', '6870239047', 2, '6956709325313568', '2008/08', 'user12225', 'password', 47, 60000, 'M');
INSERT INTO dvd.customers VALUES (12380, 'EYKXWW', 'YAHYUPSCFM', '5610173776 Dell Way', '', 'DEVCBSQ', '', '00000', 'Chile', 2, 'YAHYUPSCFM@dell.com', '5610173776', 3, '2162039487622678', '2010/06', 'user12380', 'password', 68, 40000, 'F');
INSERT INTO dvd.customers VALUES (12396, 'BQLXKL', 'RGVHDSNOBN', '7197470927 Dell Way', '', 'TSWXTUA', '', '00000', 'Russia', 2, 'RGVHDSNOBN@dell.com', '7197470927', 1, '6811559732072055', '2009/02', 'user12396', 'password', 85, 80000, 'F');
INSERT INTO dvd.customers VALUES (12713, 'TEWMLJ', 'EZNVQZXPKD', '8930813965 Dell Way', '', 'ROXDUBI', '', '00000', 'Germany', 2, 'EZNVQZXPKD@dell.com', '8930813965', 1, '1233798348810523', '2009/12', 'user12713', 'password', 41, 40000, 'F');
INSERT INTO dvd.customers VALUES (12719, 'XCLCMN', 'HXWJLVRIUL', '4364242757 Dell Way', '', 'NAMZROF', '', '00000', 'UK', 2, 'HXWJLVRIUL@dell.com', '4364242757', 1, '5062839589547366', '2009/01', 'user12719', 'password', 59, 60000, 'M');
INSERT INTO dvd.customers VALUES (12724, 'FWCDNH', 'LXOPUTCRON', '2151563810 Dell Way', '', 'JPIPDGV', '', '00000', 'Chile', 2, 'LXOPUTCRON@dell.com', '2151563810', 3, '4323661052621901', '2009/11', 'user12724', 'password', 68, 60000, 'M');
INSERT INTO dvd.customers VALUES (12757, 'QMDSMP', 'UJYPLKOOAE', '8246148125 Dell Way', '', 'BTABDUJ', '', '00000', 'France', 2, 'UJYPLKOOAE@dell.com', '8246148125', 5, '3057187690865248', '2008/09', 'user12757', 'password', 27, 40000, 'F');
INSERT INTO dvd.customers VALUES (12774, 'MSPSFS', 'EGAZVYGBHG', '4272825363 Dell Way', '', 'PEJJTKI', '', '00000', 'UK', 2, 'EGAZVYGBHG@dell.com', '4272825363', 2, '1544430213514715', '2012/04', 'user12774', 'password', 67, 60000, 'F');
INSERT INTO dvd.customers VALUES (12845, 'ORJXWB', 'BNZQTQUYBE', '2529684479 Dell Way', '', 'STEEJEB', '', '00000', 'Japan', 2, 'BNZQTQUYBE@dell.com', '2529684479', 2, '1745606907643377', '2011/03', 'user12845', 'password', 38, 100000, 'M');
INSERT INTO dvd.customers VALUES (12853, 'OGXUCL', 'OBURFVSMSP', '8658416856 Dell Way', '', 'UIHRUGR', '', '00000', 'UK', 2, 'OBURFVSMSP@dell.com', '8658416856', 4, '9581440667156130', '2011/10', 'user12853', 'password', 55, 40000, 'M');
INSERT INTO dvd.customers VALUES (12930, 'GMQRSE', 'RLULJELIHC', '5768942834 Dell Way', '', 'GRQKTEY', '', '00000', 'Japan', 2, 'RLULJELIHC@dell.com', '5768942834', 5, '5598338864278048', '2010/08', 'user12930', 'password', 40, 40000, 'F');
INSERT INTO dvd.customers VALUES (13046, 'DCGMPR', 'GBWRMFZTMO', '7042676278 Dell Way', '', 'OTADDGV', '', '00000', 'Chile', 2, 'GBWRMFZTMO@dell.com', '7042676278', 2, '7032830823678523', '2012/06', 'user13046', 'password', 19, 60000, 'F');
INSERT INTO dvd.customers VALUES (13196, 'MFFBGA', 'JOLYJUEPCZ', '9780586966 Dell Way', '', 'NZZHRYE', '', '00000', 'Japan', 2, 'JOLYJUEPCZ@dell.com', '9780586966', 4, '5838822413701564', '2010/04', 'user13196', 'password', 62, 20000, 'M');
INSERT INTO dvd.customers VALUES (13257, 'JIUNLC', 'DBMQQDUTCM', '1543742327 Dell Way', '', 'ESTUKDL', '', '00000', 'France', 2, 'DBMQQDUTCM@dell.com', '1543742327', 5, '6048409827984869', '2010/01', 'user13257', 'password', 61, 20000, 'M');
INSERT INTO dvd.customers VALUES (13301, 'KPINVZ', 'RTMFLWIWMF', '3294628131 Dell Way', '', 'QDWXOVN', '', '00000', 'UK', 2, 'RTMFLWIWMF@dell.com', '3294628131', 2, '1272052684333175', '2010/02', 'user13301', 'password', 53, 100000, 'F');
INSERT INTO dvd.customers VALUES (13317, 'PNSIRR', 'AEWLGURIHL', '1130055558 Dell Way', '', 'GKRPMSW', '', '00000', 'China', 2, 'AEWLGURIHL@dell.com', '1130055558', 4, '1080398532096296', '2010/10', 'user13317', 'password', 30, 100000, 'M');
INSERT INTO dvd.customers VALUES (13371, 'XNUKAB', 'HHSXEILMMP', '4956939603 Dell Way', '', 'SHWEYUA', '', '00000', 'Canada', 2, 'HHSXEILMMP@dell.com', '4956939603', 4, '2561776007991284', '2008/03', 'user13371', 'password', 89, 100000, 'F');
INSERT INTO dvd.customers VALUES (13437, 'EQEJFG', 'FUXDNKIBGP', '9836516359 Dell Way', '', 'RADRQLV', '', '00000', 'UK', 2, 'FUXDNKIBGP@dell.com', '9836516359', 1, '8958511596079916', '2009/05', 'user13437', 'password', 54, 100000, 'F');
INSERT INTO dvd.customers VALUES (13485, 'OOTWMW', 'TRONKPZVBY', '7609635882 Dell Way', '', 'AFFAHJX', '', '00000', 'Russia', 2, 'TRONKPZVBY@dell.com', '7609635882', 1, '7136933994013816', '2008/08', 'user13485', 'password', 62, 100000, 'F');
INSERT INTO dvd.customers VALUES (13528, 'NKMYXF', 'LUQMGKCPRV', '3263284428 Dell Way', '', 'BWJQYLZ', '', '00000', 'France', 2, 'LUQMGKCPRV@dell.com', '3263284428', 5, '4575155237689614', '2009/02', 'user13528', 'password', 85, 40000, 'M');
INSERT INTO dvd.customers VALUES (13557, 'EVKOYE', 'XXJGTHEXMZ', '5083096248 Dell Way', '', 'LWHYZIS', '', '00000', 'France', 2, 'XXJGTHEXMZ@dell.com', '5083096248', 4, '3587345488835126', '2012/11', 'user13557', 'password', 39, 100000, 'F');
INSERT INTO dvd.customers VALUES (13668, 'WBSCQM', 'QGFUXAWACB', '4426433315 Dell Way', '', 'TQSGHDN', '', '00000', 'Canada', 2, 'QGFUXAWACB@dell.com', '4426433315', 3, '3533948386088013', '2008/11', 'user13668', 'password', 40, 100000, 'M');
INSERT INTO dvd.customers VALUES (13678, 'BPQVVS', 'RSCCTPAYYS', '9445338177 Dell Way', '', 'RVMBMAP', '', '00000', 'Chile', 2, 'RSCCTPAYYS@dell.com', '9445338177', 3, '4405328282155096', '2008/04', 'user13678', 'password', 26, 80000, 'F');
INSERT INTO dvd.customers VALUES (13719, 'DXJHWA', 'GPDAYRSPQF', '1454069274 Dell Way', '', 'HJGPPRX', '', '00000', 'China', 2, 'GPDAYRSPQF@dell.com', '1454069274', 4, '6634774120524526', '2008/05', 'user13719', 'password', 81, 40000, 'F');
INSERT INTO dvd.customers VALUES (13755, 'ONYPAQ', 'QNFJAXLYBI', '6959690324 Dell Way', '', 'WLUCCFK', '', '00000', 'Chile', 2, 'QNFJAXLYBI@dell.com', '6959690324', 5, '9127408709377050', '2010/07', 'user13755', 'password', 58, 100000, 'F');
INSERT INTO dvd.customers VALUES (13778, 'PUZABI', 'DLKGYABRZX', '9754291415 Dell Way', '', 'HLRORPT', '', '00000', 'Australia', 2, 'DLKGYABRZX@dell.com', '9754291415', 2, '5799182344228029', '2012/12', 'user13778', 'password', 83, 60000, 'F');
INSERT INTO dvd.customers VALUES (13840, 'MSUBDQ', 'JBWTPIGAHC', '4434542969 Dell Way', '', 'AJHBUEH', '', '00000', 'Germany', 2, 'JBWTPIGAHC@dell.com', '4434542969', 1, '3460489956662059', '2012/01', 'user13840', 'password', 22, 100000, 'F');
INSERT INTO dvd.customers VALUES (13939, 'GXDQQO', 'IMDALCZTBX', '5676344681 Dell Way', '', 'YGQSLSO', '', '00000', 'UK', 2, 'IMDALCZTBX@dell.com', '5676344681', 5, '1108759556431323', '2012/07', 'user13939', 'password', 34, 20000, 'F');
INSERT INTO dvd.customers VALUES (14092, 'PHXYPJ', 'EHPGRGQGXR', '5344198600 Dell Way', '', 'CCVFVPF', '', '00000', 'Australia', 2, 'EHPGRGQGXR@dell.com', '5344198600', 5, '4816803129855543', '2009/02', 'user14092', 'password', 70, 40000, 'F');
INSERT INTO dvd.customers VALUES (14119, 'WINQES', 'RHSAKBNAWU', '3983292701 Dell Way', '', 'IIQMFYZ', '', '00000', 'China', 2, 'RHSAKBNAWU@dell.com', '3983292701', 3, '3896936589386314', '2008/04', 'user14119', 'password', 23, 60000, 'M');
INSERT INTO dvd.customers VALUES (14131, 'IYOPKL', 'OSZYXXFVQY', '4920665261 Dell Way', '', 'MJCPVFY', '', '00000', 'Germany', 2, 'OSZYXXFVQY@dell.com', '4920665261', 3, '7912987289018929', '2009/11', 'user14131', 'password', 31, 40000, 'M');
INSERT INTO dvd.customers VALUES (14143, 'QRGAGT', 'UCWHNFAOEF', '5924628375 Dell Way', '', 'BAJDXSC', '', '00000', 'South Africa', 2, 'UCWHNFAOEF@dell.com', '5924628375', 4, '1392597955185920', '2009/05', 'user14143', 'password', 56, 20000, 'F');
INSERT INTO dvd.customers VALUES (14187, 'XSDAYW', 'BTPJTXKCPT', '3731071030 Dell Way', '', 'DXUSSFA', '', '00000', 'China', 2, 'BTPJTXKCPT@dell.com', '3731071030', 4, '6947843924630433', '2009/03', 'user14187', 'password', 72, 20000, 'F');
INSERT INTO dvd.customers VALUES (14273, 'SPNWXS', 'GIUKKKBECC', '1704045366 Dell Way', '', 'QDBLTBZ', '', '00000', 'Australia', 2, 'GIUKKKBECC@dell.com', '1704045366', 1, '9523857336025684', '2012/05', 'user14273', 'password', 79, 20000, 'M');
INSERT INTO dvd.customers VALUES (14431, 'QJCCTG', 'RHSDAAVYLS', '3105919698 Dell Way', '', 'BHGBJIH', '', '00000', 'Chile', 2, 'RHSDAAVYLS@dell.com', '3105919698', 3, '5859084960538894', '2012/03', 'user14431', 'password', 59, 40000, 'F');
INSERT INTO dvd.customers VALUES (14493, 'STQHNA', 'UDAPGMRJVG', '1307044841 Dell Way', '', 'ZHGTRCM', '', '00000', 'Germany', 2, 'UDAPGMRJVG@dell.com', '1307044841', 1, '7887143752537668', '2010/03', 'user14493', 'password', 56, 100000, 'F');
INSERT INTO dvd.customers VALUES (14664, 'XIHWKQ', 'JJXLTYLMWX', '4997475853 Dell Way', '', 'YELHYWD', '', '00000', 'Australia', 2, 'JJXLTYLMWX@dell.com', '4997475853', 4, '3016431642230600', '2011/09', 'user14664', 'password', 85, 60000, 'M');
INSERT INTO dvd.customers VALUES (14679, 'WFITUL', 'HFFMEOTRGV', '1208316080 Dell Way', '', 'LZOHNFS', '', '00000', 'China', 2, 'HFFMEOTRGV@dell.com', '1208316080', 3, '6886395136360079', '2009/07', 'user14679', 'password', 90, 60000, 'F');
INSERT INTO dvd.customers VALUES (14683, 'AWFOUW', 'IIMNKCQAMU', '8620161779 Dell Way', '', 'WJORDRH', '', '00000', 'France', 2, 'IIMNKCQAMU@dell.com', '8620161779', 2, '1042408813256770', '2010/10', 'user14683', 'password', 77, 80000, 'F');
INSERT INTO dvd.customers VALUES (14725, 'CMYNAN', 'MAOIPAXUNB', '4147254529 Dell Way', '', 'DBDYKFM', '', '00000', 'France', 2, 'MAOIPAXUNB@dell.com', '4147254529', 5, '4880722245201468', '2008/10', 'user14725', 'password', 29, 60000, 'M');
INSERT INTO dvd.customers VALUES (14904, 'RIMXZK', 'OLUMTUVZFD', '6979986105 Dell Way', '', 'NWTDMTD', '', '00000', 'Japan', 2, 'OLUMTUVZFD@dell.com', '6979986105', 5, '4458675692789256', '2011/05', 'user14904', 'password', 62, 40000, 'F');
INSERT INTO dvd.customers VALUES (14918, 'WSFOII', 'SFZSXDIDYD', '6516462425 Dell Way', '', 'RSTLUYB', '', '00000', 'China', 2, 'SFZSXDIDYD@dell.com', '6516462425', 4, '9962251772172748', '2009/03', 'user14918', 'password', 36, 20000, 'M');
INSERT INTO dvd.customers VALUES (14950, 'PLYWNR', 'PZNRIVRTUY', '7418662202 Dell Way', '', 'AIJWZYX', '', '00000', 'Russia', 2, 'PZNRIVRTUY@dell.com', '7418662202', 3, '1308854004368186', '2012/08', 'user14950', 'password', 29, 80000, 'F');
INSERT INTO dvd.customers VALUES (15023, 'UIZJJA', 'GEVPCVCIHG', '3299162154 Dell Way', '', 'ZHWSLZG', '', '00000', 'China', 2, 'GEVPCVCIHG@dell.com', '3299162154', 3, '8343492200132459', '2008/06', 'user15023', 'password', 86, 20000, 'F');
INSERT INTO dvd.customers VALUES (15065, 'IFTTAI', 'PPGNLKHIFH', '3563075851 Dell Way', '', 'NQDWPDF', '', '00000', 'UK', 2, 'PPGNLKHIFH@dell.com', '3563075851', 5, '2907655694987625', '2008/05', 'user15065', 'password', 28, 80000, 'F');
INSERT INTO dvd.customers VALUES (15206, 'HEHYTT', 'QMUPNRATBJ', '4990091534 Dell Way', '', 'IFLSDQH', '', '00000', 'South Africa', 2, 'QMUPNRATBJ@dell.com', '4990091534', 4, '2454398124478757', '2009/04', 'user15206', 'password', 37, 100000, 'M');
INSERT INTO dvd.customers VALUES (15208, 'QEGRFM', 'EZNZIDPWRU', '1196455842 Dell Way', '', 'CWTZMOK', '', '00000', 'Canada', 2, 'EZNZIDPWRU@dell.com', '1196455842', 1, '8899000904988497', '2012/09', 'user15208', 'password', 75, 60000, 'M');
INSERT INTO dvd.customers VALUES (15217, 'ZEYCAP', 'WJPGZRQHRG', '6703643973 Dell Way', '', 'ILBNVVC', '', '00000', 'UK', 2, 'WJPGZRQHRG@dell.com', '6703643973', 5, '4713594522327184', '2010/06', 'user15217', 'password', 26, 20000, 'M');
INSERT INTO dvd.customers VALUES (15468, 'GUJPWU', 'HSAICGZLNW', '9288591290 Dell Way', '', 'DQDORRM', '', '00000', 'Chile', 2, 'HSAICGZLNW@dell.com', '9288591290', 1, '3883952044881880', '2010/04', 'user15468', 'password', 19, 40000, 'F');
INSERT INTO dvd.customers VALUES (15595, 'HCDDYW', 'WPZXTLGTQW', '7738307010 Dell Way', '', 'IYEBIRK', '', '00000', 'Germany', 2, 'WPZXTLGTQW@dell.com', '7738307010', 4, '6390663076192141', '2012/03', 'user15595', 'password', 22, 100000, 'M');
INSERT INTO dvd.customers VALUES (15602, 'SSWAVR', 'VOPICNFLQX', '3218353516 Dell Way', '', 'SBQZAGR', '', '00000', 'France', 2, 'VOPICNFLQX@dell.com', '3218353516', 2, '8443232107907534', '2011/11', 'user15602', 'password', 53, 80000, 'M');
INSERT INTO dvd.customers VALUES (15692, 'PHAGUY', 'ZZVIRBNVZQ', '9766560455 Dell Way', '', 'WMRGURF', '', '00000', 'Canada', 2, 'ZZVIRBNVZQ@dell.com', '9766560455', 5, '8785256559494883', '2011/05', 'user15692', 'password', 18, 20000, 'F');
INSERT INTO dvd.customers VALUES (16070, 'MWMLZB', 'JFDWYVESRP', '5880441953 Dell Way', '', 'PBNFKVA', '', '00000', 'Russia', 2, 'JFDWYVESRP@dell.com', '5880441953', 4, '4753503885585814', '2012/08', 'user16070', 'password', 62, 60000, 'M');
INSERT INTO dvd.customers VALUES (16095, 'SPPHJV', 'NYEIZKXPIL', '8386717255 Dell Way', '', 'CAKOZJO', '', '00000', 'France', 2, 'NYEIZKXPIL@dell.com', '8386717255', 5, '4044841737486422', '2009/09', 'user16095', 'password', 20, 60000, 'F');
INSERT INTO dvd.customers VALUES (16108, 'UEVPXU', 'IKFIXAHILW', '5263125551 Dell Way', '', 'AHVYWOW', '', '00000', 'Chile', 2, 'IKFIXAHILW@dell.com', '5263125551', 4, '2048280054703354', '2008/03', 'user16108', 'password', 83, 80000, 'M');
INSERT INTO dvd.customers VALUES (16194, 'YWSXSW', 'FBDTVWOFJP', '2902860278 Dell Way', '', 'EZIYTYG', '', '00000', 'Russia', 2, 'FBDTVWOFJP@dell.com', '2902860278', 3, '2486257231328636', '2011/07', 'user16194', 'password', 67, 60000, 'F');
INSERT INTO dvd.customers VALUES (16280, 'BILDWE', 'RJOJTEETXN', '8726842942 Dell Way', '', 'DPBBLKF', '', '00000', 'China', 2, 'RJOJTEETXN@dell.com', '8726842942', 2, '2430933388881385', '2008/12', 'user16280', 'password', 79, 80000, 'M');
INSERT INTO dvd.customers VALUES (16531, 'HFRUGY', 'XZWSNYLQYF', '4687806867 Dell Way', '', 'AYBQYKR', '', '00000', 'Germany', 2, 'XZWSNYLQYF@dell.com', '4687806867', 4, '6812381397467107', '2012/02', 'user16531', 'password', 72, 100000, 'F');
INSERT INTO dvd.customers VALUES (16536, 'NLNGXE', 'FWLGVVQKRA', '2244552656 Dell Way', '', 'WEWJBRG', '', '00000', 'Japan', 2, 'FWLGVVQKRA@dell.com', '2244552656', 2, '9436909805051982', '2011/01', 'user16536', 'password', 60, 80000, 'F');
INSERT INTO dvd.customers VALUES (16602, 'DJZZWS', 'AISITNOPLZ', '6309995971 Dell Way', '', 'BUUBPFA', '', '00000', 'Canada', 2, 'AISITNOPLZ@dell.com', '6309995971', 1, '3285168102011084', '2011/04', 'user16602', 'password', 80, 20000, 'M');
INSERT INTO dvd.customers VALUES (16655, 'PYCAPQ', 'XMPCMRPTSS', '7221477674 Dell Way', '', 'EMDQPFE', '', '00000', 'France', 2, 'XMPCMRPTSS@dell.com', '7221477674', 2, '6742058357223868', '2010/05', 'user16655', 'password', 65, 80000, 'F');
INSERT INTO dvd.customers VALUES (16738, 'CEPOGF', 'TWCAYLMYTU', '3637400584 Dell Way', '', 'AMMTBWM', '', '00000', 'China', 2, 'TWCAYLMYTU@dell.com', '3637400584', 4, '8356281525921077', '2010/01', 'user16738', 'password', 60, 100000, 'F');
INSERT INTO dvd.customers VALUES (16831, 'ZSPWJX', 'RJIHEVUYEX', '6489644400 Dell Way', '', 'KEZUPDK', '', '00000', 'Australia', 2, 'RJIHEVUYEX@dell.com', '6489644400', 1, '6256068893242627', '2009/10', 'user16831', 'password', 86, 40000, 'M');
INSERT INTO dvd.customers VALUES (17050, 'KTSIEQ', 'YXAQAGXLOM', '2329690157 Dell Way', '', 'YQBXOJC', '', '00000', 'UK', 2, 'YXAQAGXLOM@dell.com', '2329690157', 3, '4428013299591839', '2010/03', 'user17050', 'password', 21, 60000, 'F');
INSERT INTO dvd.customers VALUES (17125, 'WCVATL', 'PJJMAINIEH', '3918400753 Dell Way', '', 'PLVUDHA', '', '00000', 'South Africa', 2, 'PJJMAINIEH@dell.com', '3918400753', 2, '8131669646594673', '2008/03', 'user17125', 'password', 61, 100000, 'M');
INSERT INTO dvd.customers VALUES (17181, 'SVKTID', 'XHAJHJIFPR', '4999253931 Dell Way', '', 'MGTQNWY', '', '00000', 'Russia', 2, 'XHAJHJIFPR@dell.com', '4999253931', 2, '1304939462803304', '2012/04', 'user17181', 'password', 87, 60000, 'F');
INSERT INTO dvd.customers VALUES (17190, 'NPJVQX', 'HTAUUIATGQ', '9181935504 Dell Way', '', 'FXZKEQO', '', '00000', 'UK', 2, 'HTAUUIATGQ@dell.com', '9181935504', 5, '5946406827308238', '2012/09', 'user17190', 'password', 41, 80000, 'M');
INSERT INTO dvd.customers VALUES (17194, 'ZGHTBD', 'IIVKUVWWQA', '4578963194 Dell Way', '', 'XNBKVYJ', '', '00000', 'China', 2, 'IIVKUVWWQA@dell.com', '4578963194', 1, '8825577763374895', '2012/07', 'user17194', 'password', 66, 80000, 'M');
INSERT INTO dvd.customers VALUES (17228, 'MUVXPI', 'VQMAMBNZXP', '1420134912 Dell Way', '', 'AOJTFVJ', '', '00000', 'France', 2, 'VQMAMBNZXP@dell.com', '1420134912', 4, '7850715590640903', '2011/06', 'user17228', 'password', 18, 60000, 'F');
INSERT INTO dvd.customers VALUES (17264, 'LAEHDN', 'RZDVQAKRTU', '2877649856 Dell Way', '', 'EKZLUPK', '', '00000', 'UK', 2, 'RZDVQAKRTU@dell.com', '2877649856', 4, '9793958784546704', '2009/12', 'user17264', 'password', 27, 80000, 'M');
INSERT INTO dvd.customers VALUES (17297, 'CEBKOH', 'PQDKXDSNHU', '7855295537 Dell Way', '', 'GRINKHF', '', '00000', 'UK', 2, 'PQDKXDSNHU@dell.com', '7855295537', 5, '1495254522189497', '2011/11', 'user17297', 'password', 80, 80000, 'M');
INSERT INTO dvd.customers VALUES (17300, 'FNNASR', 'QWLEVYUPSN', '7694471090 Dell Way', '', 'OWGSWCP', '', '00000', 'Japan', 2, 'QWLEVYUPSN@dell.com', '7694471090', 5, '7844300656113774', '2009/08', 'user17300', 'password', 32, 80000, 'F');
INSERT INTO dvd.customers VALUES (17323, 'PXBUXK', 'PEMVFOLCEK', '6277609156 Dell Way', '', 'PKJFQXR', '', '00000', 'Japan', 2, 'PEMVFOLCEK@dell.com', '6277609156', 3, '7494914320297539', '2008/01', 'user17323', 'password', 85, 100000, 'F');
INSERT INTO dvd.customers VALUES (17336, 'BKWUDU', 'VMFTFQDEUH', '6355789405 Dell Way', '', 'DENHKZX', '', '00000', 'UK', 2, 'VMFTFQDEUH@dell.com', '6355789405', 4, '1088254806119948', '2011/05', 'user17336', 'password', 55, 100000, 'M');
INSERT INTO dvd.customers VALUES (17478, 'IHMFTR', 'OKAIKDKMBP', '3244143103 Dell Way', '', 'RPQBBLG', '', '00000', 'UK', 2, 'OKAIKDKMBP@dell.com', '3244143103', 2, '2931871583219617', '2011/02', 'user17478', 'password', 44, 40000, 'M');
INSERT INTO dvd.customers VALUES (17479, 'CFGKGE', 'SPZFPOIVTH', '3327104507 Dell Way', '', 'FLMVTCB', '', '00000', 'Canada', 2, 'SPZFPOIVTH@dell.com', '3327104507', 3, '2716627113521099', '2009/07', 'user17479', 'password', 52, 60000, 'M');
INSERT INTO dvd.customers VALUES (17689, 'MCJBFW', 'FGSBQFPMWW', '6170793334 Dell Way', '', 'QFTSPTD', '', '00000', 'Canada', 2, 'FGSBQFPMWW@dell.com', '6170793334', 1, '5818770139478147', '2008/03', 'user17689', 'password', 29, 80000, 'F');
INSERT INTO dvd.customers VALUES (17700, 'TAIHUS', 'GWCXYQWDND', '6397187407 Dell Way', '', 'LEWVIBI', '', '00000', 'Russia', 2, 'GWCXYQWDND@dell.com', '6397187407', 5, '9061110801529140', '2012/08', 'user17700', 'password', 53, 60000, 'M');
INSERT INTO dvd.customers VALUES (17710, 'XHUZMV', 'NXAVGLMDFL', '4865354331 Dell Way', '', 'CQTOZMD', '', '00000', 'Australia', 2, 'NXAVGLMDFL@dell.com', '4865354331', 2, '1393169973976910', '2012/09', 'user17710', 'password', 20, 20000, 'M');
INSERT INTO dvd.customers VALUES (17773, 'OCATSB', 'YGYAGTORLG', '3402439225 Dell Way', '', 'FJMUXDA', '', '00000', 'China', 2, 'YGYAGTORLG@dell.com', '3402439225', 4, '1987916945014149', '2009/01', 'user17773', 'password', 44, 20000, 'F');
INSERT INTO dvd.customers VALUES (18023, 'ZPUHFG', 'BZJXVCWCVW', '1023720509 Dell Way', '', 'PEFKGKT', '', '00000', 'China', 2, 'BZJXVCWCVW@dell.com', '1023720509', 4, '2224048136733472', '2009/09', 'user18023', 'password', 65, 40000, 'F');
INSERT INTO dvd.customers VALUES (18051, 'MLHTNP', 'UIEROSZFPV', '5164814544 Dell Way', '', 'AZYUWKZ', '', '00000', 'France', 2, 'UIEROSZFPV@dell.com', '5164814544', 5, '3120857419446110', '2012/01', 'user18051', 'password', 86, 60000, 'F');
INSERT INTO dvd.customers VALUES (18119, 'POQNAL', 'XXKQDUVNCB', '7130477933 Dell Way', '', 'FZCOYBQ', '', '00000', 'Germany', 2, 'XXKQDUVNCB@dell.com', '7130477933', 3, '7618459382094443', '2008/07', 'user18119', 'password', 61, 100000, 'M');
INSERT INTO dvd.customers VALUES (18208, 'JXIUAB', 'MUVXADTBWS', '2833780182 Dell Way', '', 'UXWWCTT', '', '00000', 'France', 2, 'MUVXADTBWS@dell.com', '2833780182', 1, '3141018641646951', '2009/06', 'user18208', 'password', 28, 60000, 'F');
INSERT INTO dvd.customers VALUES (18248, 'JJIEAZ', 'CAAVAKQRNH', '7789066541 Dell Way', '', 'OKMPEKB', '', '00000', 'Chile', 2, 'CAAVAKQRNH@dell.com', '7789066541', 2, '8034573814366013', '2012/03', 'user18248', 'password', 21, 100000, 'M');
INSERT INTO dvd.customers VALUES (18249, 'VXCKVE', 'ZXAAKNREHV', '6006659962 Dell Way', '', 'XKDHBRW', '', '00000', 'South Africa', 2, 'ZXAAKNREHV@dell.com', '6006659962', 5, '9286942105274648', '2012/02', 'user18249', 'password', 27, 60000, 'F');
INSERT INTO dvd.customers VALUES (18271, 'IVWIEC', 'BQKIDUUMCI', '4907904841 Dell Way', '', 'GQVJJTB', '', '00000', 'Japan', 2, 'BQKIDUUMCI@dell.com', '4907904841', 5, '9220242021139712', '2012/07', 'user18271', 'password', 53, 20000, 'M');
INSERT INTO dvd.customers VALUES (18309, 'SZTQWM', 'HUMVWFZHMN', '4485651532 Dell Way', '', 'SEXBETP', '', '00000', 'Japan', 2, 'HUMVWFZHMN@dell.com', '4485651532', 2, '1212430048733949', '2010/07', 'user18309', 'password', 68, 40000, 'F');
INSERT INTO dvd.customers VALUES (18341, 'PENJMY', 'DEPBXSMSUF', '8936224396 Dell Way', '', 'EPRBBZR', '', '00000', 'Canada', 2, 'DEPBXSMSUF@dell.com', '8936224396', 5, '5723333056550473', '2009/02', 'user18341', 'password', 23, 20000, 'F');
INSERT INTO dvd.customers VALUES (18347, 'IWFKHI', 'OWJAVBJJLH', '1714132186 Dell Way', '', 'CFQUPMI', '', '00000', 'South Africa', 2, 'OWJAVBJJLH@dell.com', '1714132186', 2, '3481644949875772', '2009/02', 'user18347', 'password', 58, 100000, 'M');
INSERT INTO dvd.customers VALUES (18355, 'KFHRAP', 'OJJOFEPBTD', '2541625816 Dell Way', '', 'KJILPJW', '', '00000', 'Germany', 2, 'OJJOFEPBTD@dell.com', '2541625816', 4, '2982334340922534', '2012/10', 'user18355', 'password', 28, 20000, 'M');
INSERT INTO dvd.customers VALUES (18375, 'BWXFIQ', 'SHPHHHJZNI', '1377241118 Dell Way', '', 'GUGIJJX', '', '00000', 'China', 2, 'SHPHHHJZNI@dell.com', '1377241118', 4, '7472341423388571', '2008/06', 'user18375', 'password', 30, 100000, 'F');
INSERT INTO dvd.customers VALUES (18380, 'SFMDWZ', 'TAXKUPBVXF', '1764963961 Dell Way', '', 'XSNLEQI', '', '00000', 'South Africa', 2, 'TAXKUPBVXF@dell.com', '1764963961', 3, '5477635104209184', '2012/12', 'user18380', 'password', 61, 60000, 'F');
INSERT INTO dvd.customers VALUES (18397, 'SGNGGR', 'AXHUPOHFQB', '3528273188 Dell Way', '', 'RFQDLGY', '', '00000', 'Australia', 2, 'AXHUPOHFQB@dell.com', '3528273188', 2, '1597352762240916', '2009/12', 'user18397', 'password', 90, 60000, 'M');
INSERT INTO dvd.customers VALUES (18497, 'BNWMVQ', 'SLKTOFOHRE', '7343365596 Dell Way', '', 'KGXIZRW', '', '00000', 'UK', 2, 'SLKTOFOHRE@dell.com', '7343365596', 4, '4171052135527134', '2008/06', 'user18497', 'password', 37, 40000, 'F');
INSERT INTO dvd.customers VALUES (18511, 'VTRKWM', 'QIIVQJEWHN', '5704968520 Dell Way', '', 'KXGCNZL', '', '00000', 'Canada', 2, 'QIIVQJEWHN@dell.com', '5704968520', 4, '3240965691395104', '2012/11', 'user18511', 'password', 87, 80000, 'F');
INSERT INTO dvd.customers VALUES (18631, 'CEZUDP', 'YFUVVAQLKM', '5881828789 Dell Way', '', 'TUINYDJ', '', '00000', 'Russia', 2, 'YFUVVAQLKM@dell.com', '5881828789', 2, '8081524487584829', '2010/02', 'user18631', 'password', 64, 100000, 'M');
INSERT INTO dvd.customers VALUES (18681, 'ENEJMI', 'FIJVKVQONZ', '1103567101 Dell Way', '', 'WONDCJD', '', '00000', 'France', 2, 'FIJVKVQONZ@dell.com', '1103567101', 4, '5020670892670750', '2009/03', 'user18681', 'password', 43, 40000, 'M');
INSERT INTO dvd.customers VALUES (18686, 'XVEJXC', 'JCVAOJUNWE', '9233062992 Dell Way', '', 'BVEKMJY', '', '00000', 'Germany', 2, 'JCVAOJUNWE@dell.com', '9233062992', 3, '7840614316053689', '2012/08', 'user18686', 'password', 69, 80000, 'F');
INSERT INTO dvd.customers VALUES (18805, 'PDJJZC', 'SDFDJVQZNP', '3738398938 Dell Way', '', 'LMKCYJI', '', '00000', 'Germany', 2, 'SDFDJVQZNP@dell.com', '3738398938', 1, '4647347597405314', '2012/06', 'user18805', 'password', 83, 20000, 'M');
INSERT INTO dvd.customers VALUES (18931, 'ZBRWRM', 'UQBYTFCVXR', '6700367621 Dell Way', '', 'GFMKSFB', '', '00000', 'Russia', 2, 'UQBYTFCVXR@dell.com', '6700367621', 2, '6905709689948708', '2009/07', 'user18931', 'password', 21, 80000, 'F');
INSERT INTO dvd.customers VALUES (19001, 'SNKXUJ', 'FSOTZQCJYP', '4945262074 Dell Way', '', 'UACHYHR', '', '00000', 'Canada', 2, 'FSOTZQCJYP@dell.com', '4945262074', 4, '4056279125157743', '2012/04', 'user19001', 'password', 25, 100000, 'M');
INSERT INTO dvd.customers VALUES (19004, 'VUNEYC', 'UPNYKOCBAR', '5502007340 Dell Way', '', 'VZVPIDZ', '', '00000', 'Canada', 2, 'UPNYKOCBAR@dell.com', '5502007340', 3, '7217340065632015', '2012/04', 'user19004', 'password', 84, 100000, 'F');
INSERT INTO dvd.customers VALUES (19040, 'WYWPOT', 'XHSZJUCVEZ', '7511679970 Dell Way', '', 'NGQLSPK', '', '00000', 'Japan', 2, 'XHSZJUCVEZ@dell.com', '7511679970', 3, '4026245445944369', '2010/08', 'user19040', 'password', 20, 20000, 'M');
INSERT INTO dvd.customers VALUES (19092, 'DYZDKA', 'AESOAZIVQT', '3259446949 Dell Way', '', 'TJKMXDR', '', '00000', 'China', 2, 'AESOAZIVQT@dell.com', '3259446949', 4, '6180480236653239', '2009/03', 'user19092', 'password', 27, 60000, 'F');
INSERT INTO dvd.customers VALUES (19111, 'DVOWDF', 'LFJLTWMCAH', '7074091257 Dell Way', '', 'OKPXGLW', '', '00000', 'Australia', 2, 'LFJLTWMCAH@dell.com', '7074091257', 3, '3972386429086327', '2009/11', 'user19111', 'password', 38, 60000, 'F');
INSERT INTO dvd.customers VALUES (19127, 'IPWZKY', 'WKKFLTZJLJ', '3081921111 Dell Way', '', 'IPXPXNS', '', '00000', 'Japan', 2, 'WKKFLTZJLJ@dell.com', '3081921111', 5, '2481045728549361', '2009/04', 'user19127', 'password', 63, 40000, 'F');
INSERT INTO dvd.customers VALUES (19135, 'JUALVG', 'DOPTABGWDU', '5281708628 Dell Way', '', 'ZMMEZGW', '', '00000', 'UK', 2, 'DOPTABGWDU@dell.com', '5281708628', 1, '9623692965134978', '2009/01', 'user19135', 'password', 83, 80000, 'F');
INSERT INTO dvd.customers VALUES (19177, 'WTELYG', 'HFGVWYDVUP', '2455578652 Dell Way', '', 'WUBIFVS', '', '00000', 'Australia', 2, 'HFGVWYDVUP@dell.com', '2455578652', 2, '4210494589060545', '2008/02', 'user19177', 'password', 90, 40000, 'M');
INSERT INTO dvd.customers VALUES (19182, 'FQXISZ', 'NJHIQDUNNH', '9443294279 Dell Way', '', 'DPMRUXV', '', '00000', 'UK', 2, 'NJHIQDUNNH@dell.com', '9443294279', 2, '3308036972302943', '2011/08', 'user19182', 'password', 22, 100000, 'F');
INSERT INTO dvd.customers VALUES (19294, 'ZUZFTW', 'TLFFUIRIXS', '3906508349 Dell Way', '', 'CRPALAJ', '', '00000', 'Russia', 2, 'TLFFUIRIXS@dell.com', '3906508349', 3, '7939082701690495', '2011/03', 'user19294', 'password', 34, 80000, 'F');
INSERT INTO dvd.customers VALUES (19331, 'JFCIIV', 'SIUCFSGNKM', '6645959028 Dell Way', '', 'RLXUYAW', '', '00000', 'South Africa', 2, 'SIUCFSGNKM@dell.com', '6645959028', 5, '9955819956492632', '2010/11', 'user19331', 'password', 32, 20000, 'M');
INSERT INTO dvd.customers VALUES (19516, 'QTTMMC', 'KUKVRRUVTF', '6416877486 Dell Way', '', 'IGDSHHI', '', '00000', 'Chile', 2, 'KUKVRRUVTF@dell.com', '6416877486', 5, '7275121955666691', '2010/10', 'user19516', 'password', 89, 60000, 'M');
INSERT INTO dvd.customers VALUES (19568, 'UPQWKR', 'QPCWTWZEHN', '1723092411 Dell Way', '', 'QUYEXOF', '', '00000', 'Japan', 2, 'QPCWTWZEHN@dell.com', '1723092411', 4, '9735485249198972', '2012/06', 'user19568', 'password', 57, 60000, 'F');
INSERT INTO dvd.customers VALUES (19576, 'ZOMYUT', 'SHVQNWPOAO', '9673967863 Dell Way', '', 'AJQTMGH', '', '00000', 'UK', 2, 'SHVQNWPOAO@dell.com', '9673967863', 4, '8370383466128260', '2010/11', 'user19576', 'password', 32, 20000, 'F');
INSERT INTO dvd.customers VALUES (19587, 'DPZFLJ', 'EFANZCAHDG', '9804026682 Dell Way', '', 'ZCBOHWK', '', '00000', 'Canada', 2, 'EFANZCAHDG@dell.com', '9804026682', 5, '9551279725506902', '2010/02', 'user19587', 'password', 45, 40000, 'M');
INSERT INTO dvd.customers VALUES (19698, 'XESKUQ', 'RXSZOWDOVK', '7953536149 Dell Way', '', 'QDBOTFK', '', '00000', 'Australia', 2, 'RXSZOWDOVK@dell.com', '7953536149', 5, '4122676111292094', '2008/11', 'user19698', 'password', 71, 40000, 'F');
INSERT INTO dvd.customers VALUES (19767, 'WXPHYS', 'JXQPNZFVTQ', '6896612902 Dell Way', '', 'JAHVUQT', '', '00000', 'Japan', 2, 'JXQPNZFVTQ@dell.com', '6896612902', 2, '8049406899604946', '2012/04', 'user19767', 'password', 73, 100000, 'M');
INSERT INTO dvd.customers VALUES (19858, 'DCQIUR', 'ZMETKGMDFC', '1287731281 Dell Way', '', 'PTGWOHX', '', '00000', 'France', 2, 'ZMETKGMDFC@dell.com', '1287731281', 2, '2916373129934072', '2010/10', 'user19858', 'password', 24, 40000, 'F');
INSERT INTO dvd.customers VALUES (19866, 'ZGSOVM', 'GAVHZPKOFM', '9137515180 Dell Way', '', 'IPOFEZP', '', '00000', 'Russia', 2, 'GAVHZPKOFM@dell.com', '9137515180', 3, '9999266084749252', '2012/07', 'user19866', 'password', 38, 100000, 'M');
INSERT INTO dvd.customers VALUES (19929, 'AETGBX', 'RWINODKETT', '1738861839 Dell Way', '', 'VKLMGOM', '', '00000', 'Canada', 2, 'RWINODKETT@dell.com', '1738861839', 4, '2382379182148724', '2010/09', 'user19929', 'password', 30, 20000, 'M');


INSERT INTO dvd.inventory VALUES (1, 138, 9, '(46d73f30-ada9-42ba-b0bd-0ac5c120584f)');
INSERT INTO dvd.inventory VALUES (2, 118, 19, '(536842bb-c07e-4caa-a1ee-7efd31a6ef08)');
INSERT INTO dvd.inventory VALUES (3, 228, 11, '(ef0c36ed-c0a7-4a38-a6d2-5d1f24ba38d6)');
INSERT INTO dvd.inventory VALUES (4, 279, 12, '(289fb9c6-a053-4d3c-8fde-27555c06aad8)');
INSERT INTO dvd.inventory VALUES (5, 382, 13, '(c82b4bc9-961a-4063-949a-60d9ebdfb5b1)');
INSERT INTO dvd.inventory VALUES (6, 109, 14, '(a53520e1-cdbd-46c1-83ae-37e78bbb2a38)');
INSERT INTO dvd.inventory VALUES (7, 90, 10, '(d6defc58-455f-44cc-a230-adf9fa284519)');
INSERT INTO dvd.inventory VALUES (8, 357, 6, '(7dbd1ad7-33dd-46a3-ae21-dc01ef870a38)');
INSERT INTO dvd.inventory VALUES (9, 215, 27, '(3195bdb9-74bc-4632-a6fc-53203e07d1d5)');
INSERT INTO dvd.inventory VALUES (10, 105, 16, '(de1334c4-7da7-47ee-8603-30a99e3f80b6)');
INSERT INTO dvd.inventory VALUES (11, 80, 5, '(fbf3441c-1613-42de-a505-453dc5e0b358)');
INSERT INTO dvd.inventory VALUES (12, 22, 13, '(0defef23-a1c0-43fc-9784-3502a42cbc08)');
INSERT INTO dvd.inventory VALUES (13, 64, 11, '(63615792-0eb6-4c32-abe6-fea9ae1de6b0)');
INSERT INTO dvd.inventory VALUES (14, 136, 14, '(e5f3c717-273d-450e-8d06-e5b60b43394c)');
INSERT INTO dvd.inventory VALUES (15, 343, 9, '(f4296644-9dd8-4da7-acae-63c6a9fa0b27)');
INSERT INTO dvd.inventory VALUES (16, 481, 8, '(c2604c8f-206e-47e8-8c6c-71e5fc27b9db)');
INSERT INTO dvd.inventory VALUES (17, 114, 13, '(64324a14-9ed2-4287-a6ca-99bdabbc2098)');
INSERT INTO dvd.inventory VALUES (18, 189, 9, '(d3ec2411-fc70-4142-a751-6c78c9a48579)');
INSERT INTO dvd.inventory VALUES (19, 389, 7, '(b39849c4-1503-4341-945e-3eb300aac651)');
INSERT INTO dvd.inventory VALUES (20, 131, 9, '(15655223-74e4-4ce9-b774-515fd2d67728)');
INSERT INTO dvd.inventory VALUES (21, 443, 10, '(a913a919-7bf6-4337-9c51-ac080c70c76a)');
INSERT INTO dvd.inventory VALUES (22, 172, 6, '(128fa325-4f63-4bad-ab21-08f6aa0236c2)');
INSERT INTO dvd.inventory VALUES (23, 122, 10, '(80779a6c-e923-45a2-8e6e-8f1861dd9e8e)');
INSERT INTO dvd.inventory VALUES (24, 18, 17, '(80206901-7be5-4081-90d5-0c8816c202d2)');
INSERT INTO dvd.inventory VALUES (25, 461, 15, '(e5d5ae74-b3f0-4b98-b2b9-c048ee238b4a)');
INSERT INTO dvd.inventory VALUES (26, 210, 23, '(8d13f48b-0d86-4d9c-9948-866a8e577301)');
INSERT INTO dvd.inventory VALUES (27, 270, 13, '(b45757be-7111-42c4-8dfc-7ecdf17ed793)');
INSERT INTO dvd.inventory VALUES (28, 410, 37, '(412605d6-d9f9-4c44-bfde-e13db20b8339)');
INSERT INTO dvd.inventory VALUES (29, 438, 23, '(d70b6f37-693c-4aa1-ae80-d807766ab67b)');
INSERT INTO dvd.inventory VALUES (30, 150, 5, '(5b509cf2-a05c-463e-8a83-f91ee09e5486)');
INSERT INTO dvd.inventory VALUES (31, 158, 21, '(2362209b-7cdd-450b-bfce-a9b7c9c3c24a)');
INSERT INTO dvd.inventory VALUES (32, 75, 6, '(d04f7f55-da44-4eb0-a6b5-cdf48c42d912)');
INSERT INTO dvd.inventory VALUES (33, 268, 18, '(c57efac8-a4ec-434e-94c3-ea33bcacbd55)');
INSERT INTO dvd.inventory VALUES (34, 386, 8, '(d2a0554a-4c46-4f69-84fc-456ce1e6e511)');
INSERT INTO dvd.inventory VALUES (35, 355, 17, '(4da2f14e-b128-46ad-86a7-527162b54a2b)');
INSERT INTO dvd.inventory VALUES (36, 149, 16, '(5c8c118c-bdeb-413f-ba25-2ca475ada672)');
INSERT INTO dvd.inventory VALUES (37, 496, 14, '(0f75167a-08ae-4030-9708-bc9a81821a5f)');
INSERT INTO dvd.inventory VALUES (38, 445, 7, '(e0057ebe-7e92-411c-b358-50ddf5f830e6)');
INSERT INTO dvd.inventory VALUES (39, 6, 14, '(72dc0c39-5b1a-46d4-b9d1-d0267748151c)');
INSERT INTO dvd.inventory VALUES (40, 211, 11, '(c943a662-6cfd-4cb0-b151-2f22b73d9981)');
INSERT INTO dvd.inventory VALUES (41, 50, 6, '(3939cdc2-a1d8-4f81-9085-8010fcfe257c)');
INSERT INTO dvd.inventory VALUES (42, 86, 16, '(38670950-1516-4491-a221-f00d456dea83)');
INSERT INTO dvd.inventory VALUES (43, 233, 13, '(77078f01-f0fb-44aa-9926-a1dd14ff0ddd)');
INSERT INTO dvd.inventory VALUES (44, 115, 8, '(721c765a-9006-4aa9-b7d9-f0fda737ea0a)');
INSERT INTO dvd.inventory VALUES (45, 222, 7, '(9e3ca162-828e-4d12-892c-fdd93db73d49)');
INSERT INTO dvd.inventory VALUES (46, 75, 15, '(810bec9c-a5f4-42c3-a36b-d2828c821386)');
INSERT INTO dvd.inventory VALUES (47, 95, 17, '(e26ccad1-59a3-4af1-bba0-f7f9b860fe4c)');
INSERT INTO dvd.inventory VALUES (48, 336, 13, '(70df3bf5-9c8b-4a15-8a85-6bcfb53a3c28)');
INSERT INTO dvd.inventory VALUES (49, 265, 12, '(66464f88-b91b-4675-aae0-5add9e32cf50)');
INSERT INTO dvd.inventory VALUES (50, 484, 16, '(c7934bf7-9b99-491a-b362-846e405cdda3)');

INSERT INTO dvd.orderlines VALUES (1, 35, 12, 1, '2009-01-06', 173, '(0defef23-a1c0-43fc-9784-3502a42cbc08)');
INSERT INTO dvd.orderlines VALUES (6, 67, 29, 3, '2009-01-10', 353, '(d70b6f37-693c-4aa1-ae80-d807766ab67b)');
INSERT INTO dvd.orderlines VALUES (1, 127, 27, 3, '2009-01-04', 634, '(b45757be-7111-42c4-8dfc-7ecdf17ed793)');
INSERT INTO dvd.orderlines VALUES (1, 132, 35, 1, '2009-01-27', 670, '(4da2f14e-b128-46ad-86a7-527162b54a2b)');
INSERT INTO dvd.orderlines VALUES (3, 166, 5, 2, '2009-01-21', 843, '(c82b4bc9-961a-4063-949a-60d9ebdfb5b1)');
INSERT INTO dvd.orderlines VALUES (2, 221, 9, 3, '2009-01-19', 1106, '(3195bdb9-74bc-4632-a6fc-53203e07d1d5)');
INSERT INTO dvd.orderlines VALUES (5, 284, 24, 3, '2009-01-09', 1421, '(80206901-7be5-4081-90d5-0c8816c202d2)');
INSERT INTO dvd.orderlines VALUES (9, 294, 31, 3, '2009-01-13', 1482, '(2362209b-7cdd-450b-bfce-a9b7c9c3c24a)');
INSERT INTO dvd.orderlines VALUES (2, 319, 5, 3, '2009-01-20', 1631, '(c82b4bc9-961a-4063-949a-60d9ebdfb5b1)');
INSERT INTO dvd.orderlines VALUES (1, 341, 35, 1, '2009-01-08', 1742, '(4da2f14e-b128-46ad-86a7-527162b54a2b)');
INSERT INTO dvd.orderlines VALUES (4, 348, 29, 3, '2009-01-24', 1782, '(d70b6f37-693c-4aa1-ae80-d807766ab67b)');
INSERT INTO dvd.orderlines VALUES (7, 350, 9, 1, '2009-01-22', 1793, '(3195bdb9-74bc-4632-a6fc-53203e07d1d5)');
INSERT INTO dvd.orderlines VALUES (7, 370, 30, 1, '2009-01-17', 1886, '(5b509cf2-a05c-463e-8a83-f91ee09e5486)');
INSERT INTO dvd.orderlines VALUES (2, 453, 40, 2, '2009-01-11', 2309, '(c943a662-6cfd-4cb0-b151-2f22b73d9981)');
INSERT INTO dvd.orderlines VALUES (2, 492, 14, 1, '2009-01-20', 2514, '(e5f3c717-273d-450e-8d06-e5b60b43394c)');
INSERT INTO dvd.orderlines VALUES (1, 520, 3, 1, '2009-01-01', 2671, '(ef0c36ed-c0a7-4a38-a6d2-5d1f24ba38d6)');
INSERT INTO dvd.orderlines VALUES (6, 558, 43, 3, '2009-01-11', 2887, '(77078f01-f0fb-44aa-9926-a1dd14ff0ddd)');
INSERT INTO dvd.orderlines VALUES (3, 602, 28, 1, '2009-01-31', 3126, '(412605d6-d9f9-4c44-bfde-e13db20b8339)');
INSERT INTO dvd.orderlines VALUES (1, 617, 31, 3, '2009-01-04', 3200, '(2362209b-7cdd-450b-bfce-a9b7c9c3c24a)');
INSERT INTO dvd.orderlines VALUES (5, 629, 32, 1, '2009-01-27', 3247, '(d04f7f55-da44-4eb0-a6b5-cdf48c42d912)');
INSERT INTO dvd.orderlines VALUES (4, 646, 11, 3, '2009-01-31', 3336, '(fbf3441c-1613-42de-a505-453dc5e0b358)');
INSERT INTO dvd.orderlines VALUES (3, 706, 26, 1, '2009-01-24', 3613, '(8d13f48b-0d86-4d9c-9948-866a8e577301)');
INSERT INTO dvd.orderlines VALUES (2, 800, 28, 3, '2009-01-30', 4028, '(412605d6-d9f9-4c44-bfde-e13db20b8339)');
INSERT INTO dvd.orderlines VALUES (3, 807, 34, 3, '2009-01-18', 4056, '(d2a0554a-4c46-4f69-84fc-456ce1e6e511)');
INSERT INTO dvd.orderlines VALUES (1, 836, 44, 1, '2009-01-12', 4232, '(721c765a-9006-4aa9-b7d9-f0fda737ea0a)');
INSERT INTO dvd.orderlines VALUES (1, 970, 6, 1, '2009-01-08', 4902, '(a53520e1-cdbd-46c1-83ae-37e78bbb2a38)');
INSERT INTO dvd.orderlines VALUES (2, 979, 32, 1, '2009-01-30', 4962, '(d04f7f55-da44-4eb0-a6b5-cdf48c42d912)');
INSERT INTO dvd.orderlines VALUES (5, 1020, 31, 3, '2009-02-12', 5196, '(2362209b-7cdd-450b-bfce-a9b7c9c3c24a)');
INSERT INTO dvd.orderlines VALUES (2, 1036, 2, 3, '2009-02-06', 5287, '(536842bb-c07e-4caa-a1ee-7efd31a6ef08)');
INSERT INTO dvd.orderlines VALUES (5, 1036, 46, 3, '2009-02-06', 5290, '(810bec9c-a5f4-42c3-a36b-d2828c821386)');
INSERT INTO dvd.orderlines VALUES (6, 1071, 14, 3, '2009-02-06', 5487, '(e5f3c717-273d-450e-8d06-e5b60b43394c)');
INSERT INTO dvd.orderlines VALUES (1, 1171, 31, 2, '2009-02-26', 5961, '(2362209b-7cdd-450b-bfce-a9b7c9c3c24a)');
INSERT INTO dvd.orderlines VALUES (4, 1204, 26, 1, '2009-02-15', 6121, '(8d13f48b-0d86-4d9c-9948-866a8e577301)');
INSERT INTO dvd.orderlines VALUES (1, 1273, 38, 3, '2009-02-23', 6434, '(e0057ebe-7e92-411c-b358-50ddf5f830e6)');
INSERT INTO dvd.orderlines VALUES (7, 1303, 20, 3, '2009-02-06', 6587, '(15655223-74e4-4ce9-b774-515fd2d67728)');
INSERT INTO dvd.orderlines VALUES (1, 1404, 1, 2, '2009-02-24', 7081, '(46d73f30-ada9-42ba-b0bd-0ac5c120584f)');
INSERT INTO dvd.orderlines VALUES (6, 1427, 47, 3, '2009-02-23', 7200, '(e26ccad1-59a3-4af1-bba0-f7f9b860fe4c)');
INSERT INTO dvd.orderlines VALUES (2, 1491, 37, 2, '2009-02-22', 7527, '(0f75167a-08ae-4030-9708-bc9a81821a5f)');
INSERT INTO dvd.orderlines VALUES (1, 1512, 26, 3, '2009-02-28', 7648, '(8d13f48b-0d86-4d9c-9948-866a8e577301)');
INSERT INTO dvd.orderlines VALUES (3, 1555, 16, 2, '2009-02-24', 7852, '(c2604c8f-206e-47e8-8c6c-71e5fc27b9db)');
INSERT INTO dvd.orderlines VALUES (5, 1610, 48, 1, '2009-02-21', 8131, '(70df3bf5-9c8b-4a15-8a85-6bcfb53a3c28)');
INSERT INTO dvd.orderlines VALUES (5, 1617, 41, 1, '2009-02-23', 8168, '(3939cdc2-a1d8-4f81-9085-8010fcfe257c)');
INSERT INTO dvd.orderlines VALUES (4, 1673, 33, 1, '2009-02-23', 8424, '(c57efac8-a4ec-434e-94c3-ea33bcacbd55)');
INSERT INTO dvd.orderlines VALUES (6, 1682, 24, 1, '2009-02-19', 8469, '(80206901-7be5-4081-90d5-0c8816c202d2)');
INSERT INTO dvd.orderlines VALUES (1, 1688, 35, 2, '2009-02-09', 8494, '(4da2f14e-b128-46ad-86a7-527162b54a2b)');
INSERT INTO dvd.orderlines VALUES (1, 1707, 8, 3, '2009-02-16', 8595, '(7dbd1ad7-33dd-46a3-ae21-dc01ef870a38)');
INSERT INTO dvd.orderlines VALUES (3, 1743, 1, 3, '2009-02-27', 8787, '(46d73f30-ada9-42ba-b0bd-0ac5c120584f)');
INSERT INTO dvd.orderlines VALUES (2, 1798, 31, 1, '2009-02-27', 9044, '(2362209b-7cdd-450b-bfce-a9b7c9c3c24a)');
INSERT INTO dvd.orderlines VALUES (1, 1825, 40, 2, '2009-02-02', 9168, '(c943a662-6cfd-4cb0-b151-2f22b73d9981)');
INSERT INTO dvd.orderlines VALUES (3, 1870, 28, 3, '2009-02-08', 9414, '(412605d6-d9f9-4c44-bfde-e13db20b8339)');
INSERT INTO dvd.orderlines VALUES (5, 2001, 4, 2, '2009-03-04', 10089, '(289fb9c6-a053-4d3c-8fde-27555c06aad8)');
INSERT INTO dvd.orderlines VALUES (5, 2015, 46, 1, '2009-03-04', 10179, '(810bec9c-a5f4-42c3-a36b-d2828c821386)');
INSERT INTO dvd.orderlines VALUES (2, 2044, 28, 3, '2009-03-11', 10324, '(412605d6-d9f9-4c44-bfde-e13db20b8339)');
INSERT INTO dvd.orderlines VALUES (1, 2067, 7, 1, '2009-03-07', 10424, '(d6defc58-455f-44cc-a230-adf9fa284519)');
INSERT INTO dvd.orderlines VALUES (6, 2109, 12, 3, '2009-03-16', 10648, '(0defef23-a1c0-43fc-9784-3502a42cbc08)');
INSERT INTO dvd.orderlines VALUES (4, 2171, 37, 3, '2009-03-29', 10953, '(0f75167a-08ae-4030-9708-bc9a81821a5f)');
INSERT INTO dvd.orderlines VALUES (4, 2221, 26, 2, '2009-03-17', 11226, '(8d13f48b-0d86-4d9c-9948-866a8e577301)');
INSERT INTO dvd.orderlines VALUES (5, 2252, 44, 1, '2009-03-12', 11412, '(721c765a-9006-4aa9-b7d9-f0fda737ea0a)');
INSERT INTO dvd.orderlines VALUES (9, 2311, 26, 3, '2009-03-04', 11746, '(8d13f48b-0d86-4d9c-9948-866a8e577301)');
INSERT INTO dvd.orderlines VALUES (8, 2353, 33, 2, '2009-03-27', 11938, '(c57efac8-a4ec-434e-94c3-ea33bcacbd55)');
INSERT INTO dvd.orderlines VALUES (3, 2372, 12, 3, '2009-03-24', 12049, '(0defef23-a1c0-43fc-9784-3502a42cbc08)');
INSERT INTO dvd.orderlines VALUES (3, 2419, 10, 1, '2009-03-17', 12306, '(de1334c4-7da7-47ee-8603-30a99e3f80b6)');
INSERT INTO dvd.orderlines VALUES (1, 2459, 47, 1, '2009-03-18', 12502, '(e26ccad1-59a3-4af1-bba0-f7f9b860fe4c)');
INSERT INTO dvd.orderlines VALUES (2, 2473, 45, 1, '2009-03-12', 12560, '(9e3ca162-828e-4d12-892c-fdd93db73d49)');
INSERT INTO dvd.orderlines VALUES (3, 2486, 21, 2, '2009-03-28', 12633, '(a913a919-7bf6-4337-9c51-ac080c70c76a)');
INSERT INTO dvd.orderlines VALUES (1, 2517, 28, 3, '2009-03-11', 12794, '(412605d6-d9f9-4c44-bfde-e13db20b8339)');
INSERT INTO dvd.orderlines VALUES (3, 2535, 39, 1, '2009-03-27', 12885, '(72dc0c39-5b1a-46d4-b9d1-d0267748151c)');
INSERT INTO dvd.orderlines VALUES (6, 2571, 14, 3, '2009-03-21', 13080, '(e5f3c717-273d-450e-8d06-e5b60b43394c)');
INSERT INTO dvd.orderlines VALUES (1, 2732, 28, 3, '2009-03-14', 13930, '(412605d6-d9f9-4c44-bfde-e13db20b8339)');
INSERT INTO dvd.orderlines VALUES (3, 2738, 46, 1, '2009-03-09', 13963, '(810bec9c-a5f4-42c3-a36b-d2828c821386)');
INSERT INTO dvd.orderlines VALUES (3, 2803, 6, 3, '2009-03-11', 14262, '(a53520e1-cdbd-46c1-83ae-37e78bbb2a38)');
INSERT INTO dvd.orderlines VALUES (7, 2859, 50, 3, '2009-03-20', 14553, '(c7934bf7-9b99-491a-b362-846e405cdda3)');
INSERT INTO dvd.orderlines VALUES (5, 2897, 17, 3, '2009-03-23', 14751, '(64324a14-9ed2-4287-a6ca-99bdabbc2098)');
INSERT INTO dvd.orderlines VALUES (1, 2930, 36, 1, '2009-03-21', 14893, '(5c8c118c-bdeb-413f-ba25-2ca475ada672)');
INSERT INTO dvd.orderlines VALUES (8, 2937, 44, 2, '2009-03-01', 14941, '(721c765a-9006-4aa9-b7d9-f0fda737ea0a)');
INSERT INTO dvd.orderlines VALUES (5, 2951, 12, 3, '2009-03-30', 15015, '(0defef23-a1c0-43fc-9784-3502a42cbc08)');
INSERT INTO dvd.orderlines VALUES (4, 2977, 33, 2, '2009-03-17', 15151, '(c57efac8-a4ec-434e-94c3-ea33bcacbd55)');
INSERT INTO dvd.orderlines VALUES (1, 3003, 15, 2, '2009-04-14', 15259, '(f4296644-9dd8-4da7-acae-63c6a9fa0b27)');
INSERT INTO dvd.orderlines VALUES (5, 3029, 30, 1, '2009-04-30', 15368, '(5b509cf2-a05c-463e-8a83-f91ee09e5486)');
INSERT INTO dvd.orderlines VALUES (4, 3032, 24, 3, '2009-04-30', 15380, '(80206901-7be5-4081-90d5-0c8816c202d2)');
INSERT INTO dvd.orderlines VALUES (1, 3272, 25, 1, '2009-04-12', 16530, '(e5d5ae74-b3f0-4b98-b2b9-c048ee238b4a)');
INSERT INTO dvd.orderlines VALUES (7, 3287, 35, 1, '2009-04-26', 16610, '(4da2f14e-b128-46ad-86a7-527162b54a2b)');
INSERT INTO dvd.orderlines VALUES (4, 3288, 17, 1, '2009-04-21', 16616, '(64324a14-9ed2-4287-a6ca-99bdabbc2098)');
INSERT INTO dvd.orderlines VALUES (1, 3290, 10, 1, '2009-04-06', 16627, '(de1334c4-7da7-47ee-8603-30a99e3f80b6)');
INSERT INTO dvd.orderlines VALUES (4, 3386, 8, 2, '2009-04-02', 17103, '(7dbd1ad7-33dd-46a3-ae21-dc01ef870a38)');
INSERT INTO dvd.orderlines VALUES (1, 3396, 15, 1, '2009-04-28', 17150, '(f4296644-9dd8-4da7-acae-63c6a9fa0b27)');
INSERT INTO dvd.orderlines VALUES (4, 3463, 7, 2, '2009-04-28', 17473, '(d6defc58-455f-44cc-a230-adf9fa284519)');
INSERT INTO dvd.orderlines VALUES (3, 3471, 4, 3, '2009-04-26', 17517, '(289fb9c6-a053-4d3c-8fde-27555c06aad8)');
INSERT INTO dvd.orderlines VALUES (2, 3492, 50, 3, '2009-04-28', 17624, '(c7934bf7-9b99-491a-b362-846e405cdda3)');
INSERT INTO dvd.orderlines VALUES (2, 3506, 2, 3, '2009-04-13', 17691, '(536842bb-c07e-4caa-a1ee-7efd31a6ef08)');
INSERT INTO dvd.orderlines VALUES (6, 3507, 50, 2, '2009-04-03', 17700, '(c7934bf7-9b99-491a-b362-846e405cdda3)');
INSERT INTO dvd.orderlines VALUES (5, 3582, 10, 2, '2009-04-18', 18118, '(de1334c4-7da7-47ee-8603-30a99e3f80b6)');
INSERT INTO dvd.orderlines VALUES (3, 3592, 32, 1, '2009-04-28', 18159, '(d04f7f55-da44-4eb0-a6b5-cdf48c42d912)');
INSERT INTO dvd.orderlines VALUES (3, 3609, 13, 3, '2009-04-25', 18264, '(63615792-0eb6-4c32-abe6-fea9ae1de6b0)');
INSERT INTO dvd.orderlines VALUES (2, 3610, 1, 1, '2009-04-15', 18266, '(46d73f30-ada9-42ba-b0bd-0ac5c120584f)');
INSERT INTO dvd.orderlines VALUES (2, 3745, 32, 1, '2009-04-08', 18920, '(d04f7f55-da44-4eb0-a6b5-cdf48c42d912)');
INSERT INTO dvd.orderlines VALUES (2, 3785, 4, 1, '2009-04-17', 19114, '(289fb9c6-a053-4d3c-8fde-27555c06aad8)');
INSERT INTO dvd.orderlines VALUES (3, 3836, 5, 1, '2009-04-08', 19398, '(c82b4bc9-961a-4063-949a-60d9ebdfb5b1)');
INSERT INTO dvd.orderlines VALUES (1, 3858, 6, 1, '2009-04-19', 19504, '(a53520e1-cdbd-46c1-83ae-37e78bbb2a38)');
INSERT INTO dvd.orderlines VALUES (1, 3902, 21, 3, '2009-04-25', 19739, '(a913a919-7bf6-4337-9c51-ac080c70c76a)');
INSERT INTO dvd.orderlines VALUES (5, 3913, 42, 3, '2009-04-10', 19798, '(38670950-1516-4491-a221-f00d456dea83)');
INSERT INTO dvd.orderlines VALUES (3, 4083, 23, 1, '2009-05-08', 20569, '(80779a6c-e923-45a2-8e6e-8f1861dd9e8e)');
INSERT INTO dvd.orderlines VALUES (5, 4165, 31, 2, '2009-05-16', 20992, '(2362209b-7cdd-450b-bfce-a9b7c9c3c24a)');
INSERT INTO dvd.orderlines VALUES (6, 4189, 36, 2, '2009-05-29', 21083, '(5c8c118c-bdeb-413f-ba25-2ca475ada672)');
INSERT INTO dvd.orderlines VALUES (1, 4198, 16, 1, '2009-05-03', 21125, '(c2604c8f-206e-47e8-8c6c-71e5fc27b9db)');
INSERT INTO dvd.orderlines VALUES (1, 4245, 29, 1, '2009-05-05', 21350, '(d70b6f37-693c-4aa1-ae80-d807766ab67b)');
INSERT INTO dvd.orderlines VALUES (9, 4251, 35, 2, '2009-05-06', 21382, '(4da2f14e-b128-46ad-86a7-527162b54a2b)');
INSERT INTO dvd.orderlines VALUES (1, 4266, 45, 1, '2009-05-03', 21440, '(9e3ca162-828e-4d12-892c-fdd93db73d49)');
INSERT INTO dvd.orderlines VALUES (5, 4295, 28, 1, '2009-05-16', 21592, '(412605d6-d9f9-4c44-bfde-e13db20b8339)');
INSERT INTO dvd.orderlines VALUES (1, 4364, 33, 1, '2009-05-17', 21936, '(c57efac8-a4ec-434e-94c3-ea33bcacbd55)');
INSERT INTO dvd.orderlines VALUES (6, 4370, 50, 2, '2009-05-07', 21967, '(c7934bf7-9b99-491a-b362-846e405cdda3)');
INSERT INTO dvd.orderlines VALUES (4, 4378, 28, 2, '2009-05-10', 22013, '(412605d6-d9f9-4c44-bfde-e13db20b8339)');
INSERT INTO dvd.orderlines VALUES (1, 4431, 28, 1, '2009-05-01', 22267, '(412605d6-d9f9-4c44-bfde-e13db20b8339)');
INSERT INTO dvd.orderlines VALUES (4, 4495, 5, 2, '2009-05-28', 22590, '(c82b4bc9-961a-4063-949a-60d9ebdfb5b1)');
INSERT INTO dvd.orderlines VALUES (6, 4525, 5, 3, '2009-05-03', 22759, '(c82b4bc9-961a-4063-949a-60d9ebdfb5b1)');
INSERT INTO dvd.orderlines VALUES (5, 4633, 20, 3, '2009-05-29', 23368, '(15655223-74e4-4ce9-b774-515fd2d67728)');
INSERT INTO dvd.orderlines VALUES (8, 4656, 6, 1, '2009-05-31', 23479, '(a53520e1-cdbd-46c1-83ae-37e78bbb2a38)');
INSERT INTO dvd.orderlines VALUES (2, 4694, 2, 3, '2009-05-16', 23679, '(536842bb-c07e-4caa-a1ee-7efd31a6ef08)');
INSERT INTO dvd.orderlines VALUES (2, 4701, 39, 2, '2009-05-16', 23720, '(72dc0c39-5b1a-46d4-b9d1-d0267748151c)');
INSERT INTO dvd.orderlines VALUES (2, 4724, 21, 1, '2009-05-17', 23837, '(a913a919-7bf6-4337-9c51-ac080c70c76a)');
INSERT INTO dvd.orderlines VALUES (6, 4731, 6, 2, '2009-05-27', 23878, '(a53520e1-cdbd-46c1-83ae-37e78bbb2a38)');
INSERT INTO dvd.orderlines VALUES (1, 4735, 12, 2, '2009-05-09', 23901, '(0defef23-a1c0-43fc-9784-3502a42cbc08)');
INSERT INTO dvd.orderlines VALUES (4, 4748, 5, 2, '2009-05-15', 23970, '(c82b4bc9-961a-4063-949a-60d9ebdfb5b1)');
INSERT INTO dvd.orderlines VALUES (4, 4751, 8, 1, '2009-05-07', 23989, '(7dbd1ad7-33dd-46a3-ae21-dc01ef870a38)');
INSERT INTO dvd.orderlines VALUES (7, 4792, 38, 1, '2009-05-25', 24213, '(e0057ebe-7e92-411c-b358-50ddf5f830e6)');
INSERT INTO dvd.orderlines VALUES (3, 4793, 48, 3, '2009-05-27', 24216, '(70df3bf5-9c8b-4a15-8a85-6bcfb53a3c28)');
INSERT INTO dvd.orderlines VALUES (5, 4808, 9, 1, '2009-05-29', 24282, '(3195bdb9-74bc-4632-a6fc-53203e07d1d5)');
INSERT INTO dvd.orderlines VALUES (5, 4820, 36, 3, '2009-05-04', 24357, '(5c8c118c-bdeb-413f-ba25-2ca475ada672)');
INSERT INTO dvd.orderlines VALUES (1, 4872, 23, 2, '2009-05-22', 24591, '(80779a6c-e923-45a2-8e6e-8f1861dd9e8e)');
INSERT INTO dvd.orderlines VALUES (3, 4900, 27, 1, '2009-05-31', 24720, '(b45757be-7111-42c4-8dfc-7ecdf17ed793)');
INSERT INTO dvd.orderlines VALUES (6, 4933, 39, 3, '2009-05-18', 24894, '(72dc0c39-5b1a-46d4-b9d1-d0267748151c)');
INSERT INTO dvd.orderlines VALUES (8, 4991, 50, 2, '2009-05-30', 25183, '(c7934bf7-9b99-491a-b362-846e405cdda3)');
INSERT INTO dvd.orderlines VALUES (4, 5118, 20, 2, '2009-06-30', 25805, '(15655223-74e4-4ce9-b774-515fd2d67728)');
INSERT INTO dvd.orderlines VALUES (4, 5121, 42, 1, '2009-06-19', 25821, '(38670950-1516-4491-a221-f00d456dea83)');
INSERT INTO dvd.orderlines VALUES (1, 5203, 35, 2, '2009-06-05', 26187, '(4da2f14e-b128-46ad-86a7-527162b54a2b)');
INSERT INTO dvd.orderlines VALUES (2, 5221, 19, 3, '2009-06-18', 26264, '(b39849c4-1503-4341-945e-3eb300aac651)');
INSERT INTO dvd.orderlines VALUES (1, 5239, 49, 3, '2009-06-16', 26368, '(66464f88-b91b-4675-aae0-5add9e32cf50)');
INSERT INTO dvd.orderlines VALUES (1, 5243, 25, 2, '2009-06-21', 26386, '(e5d5ae74-b3f0-4b98-b2b9-c048ee238b4a)');
INSERT INTO dvd.orderlines VALUES (7, 5269, 13, 2, '2009-06-06', 26524, '(63615792-0eb6-4c32-abe6-fea9ae1de6b0)');
INSERT INTO dvd.orderlines VALUES (8, 5316, 39, 1, '2009-06-10', 26771, '(72dc0c39-5b1a-46d4-b9d1-d0267748151c)');
INSERT INTO dvd.orderlines VALUES (1, 5344, 19, 2, '2009-06-17', 26920, '(b39849c4-1503-4341-945e-3eb300aac651)');
INSERT INTO dvd.orderlines VALUES (1, 5380, 23, 2, '2009-06-16', 27103, '(80779a6c-e923-45a2-8e6e-8f1861dd9e8e)');
INSERT INTO dvd.orderlines VALUES (2, 5394, 21, 1, '2009-06-12', 27165, '(a913a919-7bf6-4337-9c51-ac080c70c76a)');
INSERT INTO dvd.orderlines VALUES (9, 5394, 41, 3, '2009-06-12', 27172, '(3939cdc2-a1d8-4f81-9085-8010fcfe257c)');
INSERT INTO dvd.orderlines VALUES (2, 5402, 25, 3, '2009-06-09', 27215, '(e5d5ae74-b3f0-4b98-b2b9-c048ee238b4a)');
INSERT INTO dvd.orderlines VALUES (7, 5431, 49, 1, '2009-06-24', 27359, '(66464f88-b91b-4675-aae0-5add9e32cf50)');
INSERT INTO dvd.orderlines VALUES (2, 5443, 15, 2, '2009-06-11', 27412, '(f4296644-9dd8-4da7-acae-63c6a9fa0b27)');
INSERT INTO dvd.orderlines VALUES (5, 5446, 28, 1, '2009-06-04', 27430, '(412605d6-d9f9-4c44-bfde-e13db20b8339)');
INSERT INTO dvd.orderlines VALUES (1, 5606, 16, 2, '2009-06-06', 28298, '(c2604c8f-206e-47e8-8c6c-71e5fc27b9db)');
INSERT INTO dvd.orderlines VALUES (1, 5611, 14, 1, '2009-06-10', 28318, '(e5f3c717-273d-450e-8d06-e5b60b43394c)');
INSERT INTO dvd.orderlines VALUES (4, 5621, 15, 2, '2009-06-25', 28380, '(f4296644-9dd8-4da7-acae-63c6a9fa0b27)');
INSERT INTO dvd.orderlines VALUES (2, 5722, 29, 1, '2009-06-28', 28902, '(d70b6f37-693c-4aa1-ae80-d807766ab67b)');
INSERT INTO dvd.orderlines VALUES (3, 5724, 35, 3, '2009-06-15', 28911, '(4da2f14e-b128-46ad-86a7-527162b54a2b)');
INSERT INTO dvd.orderlines VALUES (4, 5770, 1, 3, '2009-06-27', 29145, '(46d73f30-ada9-42ba-b0bd-0ac5c120584f)');
INSERT INTO dvd.orderlines VALUES (4, 5846, 7, 3, '2009-06-14', 29498, '(d6defc58-455f-44cc-a230-adf9fa284519)');
INSERT INTO dvd.orderlines VALUES (7, 5906, 33, 3, '2009-06-12', 29785, '(c57efac8-a4ec-434e-94c3-ea33bcacbd55)');
INSERT INTO dvd.orderlines VALUES (4, 5911, 25, 2, '2009-06-15', 29816, '(e5d5ae74-b3f0-4b98-b2b9-c048ee238b4a)');
INSERT INTO dvd.orderlines VALUES (1, 5913, 44, 3, '2009-06-21', 29826, '(721c765a-9006-4aa9-b7d9-f0fda737ea0a)');
INSERT INTO dvd.orderlines VALUES (1, 5917, 27, 3, '2009-06-11', 29848, '(b45757be-7111-42c4-8dfc-7ecdf17ed793)');
INSERT INTO dvd.orderlines VALUES (1, 6043, 7, 3, '2009-07-19', 30516, '(d6defc58-455f-44cc-a230-adf9fa284519)');
INSERT INTO dvd.orderlines VALUES (5, 6101, 25, 1, '2009-07-14', 30802, '(e5d5ae74-b3f0-4b98-b2b9-c048ee238b4a)');
INSERT INTO dvd.orderlines VALUES (4, 6109, 47, 1, '2009-07-09', 30844, '(e26ccad1-59a3-4af1-bba0-f7f9b860fe4c)');
INSERT INTO dvd.orderlines VALUES (2, 6125, 34, 2, '2009-07-08', 30925, '(d2a0554a-4c46-4f69-84fc-456ce1e6e511)');
INSERT INTO dvd.orderlines VALUES (4, 6127, 47, 3, '2009-07-11', 30944, '(e26ccad1-59a3-4af1-bba0-f7f9b860fe4c)');
INSERT INTO dvd.orderlines VALUES (2, 6129, 37, 1, '2009-07-10', 30952, '(0f75167a-08ae-4030-9708-bc9a81821a5f)');
INSERT INTO dvd.orderlines VALUES (1, 6132, 25, 3, '2009-07-27', 30967, '(e5d5ae74-b3f0-4b98-b2b9-c048ee238b4a)');
INSERT INTO dvd.orderlines VALUES (8, 6145, 31, 3, '2009-07-30', 31042, '(2362209b-7cdd-450b-bfce-a9b7c9c3c24a)');
INSERT INTO dvd.orderlines VALUES (1, 6162, 29, 2, '2009-07-13', 31138, '(d70b6f37-693c-4aa1-ae80-d807766ab67b)');
INSERT INTO dvd.orderlines VALUES (1, 6191, 28, 3, '2009-07-15', 31266, '(412605d6-d9f9-4c44-bfde-e13db20b8339)');
INSERT INTO dvd.orderlines VALUES (2, 6192, 42, 3, '2009-07-14', 31268, '(38670950-1516-4491-a221-f00d456dea83)');
INSERT INTO dvd.orderlines VALUES (4, 6427, 12, 1, '2009-07-11', 32484, '(0defef23-a1c0-43fc-9784-3502a42cbc08)');
INSERT INTO dvd.orderlines VALUES (1, 6523, 28, 1, '2009-07-05', 32928, '(412605d6-d9f9-4c44-bfde-e13db20b8339)');
INSERT INTO dvd.orderlines VALUES (3, 6558, 25, 1, '2009-07-15', 33105, '(e5d5ae74-b3f0-4b98-b2b9-c048ee238b4a)');
INSERT INTO dvd.orderlines VALUES (6, 6591, 10, 2, '2009-07-16', 33252, '(de1334c4-7da7-47ee-8603-30a99e3f80b6)');
INSERT INTO dvd.orderlines VALUES (5, 6657, 24, 1, '2009-07-08', 33580, '(80206901-7be5-4081-90d5-0c8816c202d2)');
INSERT INTO dvd.orderlines VALUES (1, 6668, 22, 2, '2009-07-04', 33628, '(128fa325-4f63-4bad-ab21-08f6aa0236c2)');
INSERT INTO dvd.orderlines VALUES (3, 6669, 17, 3, '2009-07-03', 33632, '(64324a14-9ed2-4287-a6ca-99bdabbc2098)');
INSERT INTO dvd.orderlines VALUES (9, 6690, 4, 1, '2009-07-15', 33750, '(289fb9c6-a053-4d3c-8fde-27555c06aad8)');
INSERT INTO dvd.orderlines VALUES (4, 6713, 37, 2, '2009-07-21', 33857, '(0f75167a-08ae-4030-9708-bc9a81821a5f)');
INSERT INTO dvd.orderlines VALUES (1, 6755, 42, 1, '2009-07-18', 34055, '(38670950-1516-4491-a221-f00d456dea83)');
INSERT INTO dvd.orderlines VALUES (4, 6818, 14, 2, '2009-07-22', 34376, '(e5f3c717-273d-450e-8d06-e5b60b43394c)');
INSERT INTO dvd.orderlines VALUES (6, 6859, 37, 2, '2009-07-10', 34589, '(0f75167a-08ae-4030-9708-bc9a81821a5f)');
INSERT INTO dvd.orderlines VALUES (3, 6985, 35, 3, '2009-07-26', 35235, '(4da2f14e-b128-46ad-86a7-527162b54a2b)');
INSERT INTO dvd.orderlines VALUES (2, 6998, 50, 2, '2009-07-21', 35281, '(c7934bf7-9b99-491a-b362-846e405cdda3)');
INSERT INTO dvd.orderlines VALUES (7, 7058, 26, 1, '2009-08-11', 35590, '(8d13f48b-0d86-4d9c-9948-866a8e577301)');
INSERT INTO dvd.orderlines VALUES (7, 7071, 9, 3, '2009-08-19', 35651, '(3195bdb9-74bc-4632-a6fc-53203e07d1d5)');
INSERT INTO dvd.orderlines VALUES (6, 7082, 36, 2, '2009-08-31', 35706, '(5c8c118c-bdeb-413f-ba25-2ca475ada672)');
INSERT INTO dvd.orderlines VALUES (6, 7109, 22, 1, '2009-08-20', 35818, '(128fa325-4f63-4bad-ab21-08f6aa0236c2)');
INSERT INTO dvd.orderlines VALUES (3, 7194, 6, 1, '2009-08-25', 36263, '(a53520e1-cdbd-46c1-83ae-37e78bbb2a38)');
INSERT INTO dvd.orderlines VALUES (3, 7221, 40, 1, '2009-08-30', 36397, '(c943a662-6cfd-4cb0-b151-2f22b73d9981)');
INSERT INTO dvd.orderlines VALUES (2, 7269, 31, 2, '2009-08-12', 36663, '(2362209b-7cdd-450b-bfce-a9b7c9c3c24a)');
INSERT INTO dvd.orderlines VALUES (1, 7271, 41, 2, '2009-08-27', 36671, '(3939cdc2-a1d8-4f81-9085-8010fcfe257c)');
INSERT INTO dvd.orderlines VALUES (3, 7330, 39, 1, '2009-08-17', 36980, '(72dc0c39-5b1a-46d4-b9d1-d0267748151c)');
INSERT INTO dvd.orderlines VALUES (3, 7351, 24, 1, '2009-08-18', 37083, '(80206901-7be5-4081-90d5-0c8816c202d2)');
INSERT INTO dvd.orderlines VALUES (7, 7450, 33, 3, '2009-08-01', 37552, '(c57efac8-a4ec-434e-94c3-ea33bcacbd55)');
INSERT INTO dvd.orderlines VALUES (3, 7471, 29, 2, '2009-08-20', 37641, '(d70b6f37-693c-4aa1-ae80-d807766ab67b)');
INSERT INTO dvd.orderlines VALUES (4, 7526, 37, 1, '2009-08-04', 37900, '(0f75167a-08ae-4030-9708-bc9a81821a5f)');
INSERT INTO dvd.orderlines VALUES (1, 7541, 22, 2, '2009-08-19', 37976, '(128fa325-4f63-4bad-ab21-08f6aa0236c2)');
INSERT INTO dvd.orderlines VALUES (1, 7544, 33, 1, '2009-08-11', 37996, '(c57efac8-a4ec-434e-94c3-ea33bcacbd55)');
INSERT INTO dvd.orderlines VALUES (2, 7566, 48, 3, '2009-08-16', 38111, '(70df3bf5-9c8b-4a15-8a85-6bcfb53a3c28)');
INSERT INTO dvd.orderlines VALUES (9, 7571, 18, 2, '2009-08-12', 38150, '(d3ec2411-fc70-4142-a751-6c78c9a48579)');
INSERT INTO dvd.orderlines VALUES (3, 7578, 25, 2, '2009-08-21', 38192, '(e5d5ae74-b3f0-4b98-b2b9-c048ee238b4a)');
INSERT INTO dvd.orderlines VALUES (4, 7592, 28, 1, '2009-08-25', 38250, '(412605d6-d9f9-4c44-bfde-e13db20b8339)');
INSERT INTO dvd.orderlines VALUES (2, 7598, 18, 2, '2009-08-31', 38281, '(d3ec2411-fc70-4142-a751-6c78c9a48579)');
INSERT INTO dvd.orderlines VALUES (4, 7602, 45, 2, '2009-08-28', 38294, '(9e3ca162-828e-4d12-892c-fdd93db73d49)');
INSERT INTO dvd.orderlines VALUES (1, 7614, 14, 1, '2009-08-10', 38342, '(e5f3c717-273d-450e-8d06-e5b60b43394c)');
INSERT INTO dvd.orderlines VALUES (3, 7711, 4, 3, '2009-08-30', 38789, '(289fb9c6-a053-4d3c-8fde-27555c06aad8)');
INSERT INTO dvd.orderlines VALUES (2, 7718, 43, 1, '2009-08-10', 38825, '(77078f01-f0fb-44aa-9926-a1dd14ff0ddd)');
INSERT INTO dvd.orderlines VALUES (4, 7746, 20, 1, '2009-08-22', 38958, '(15655223-74e4-4ce9-b774-515fd2d67728)');
INSERT INTO dvd.orderlines VALUES (2, 7894, 43, 1, '2009-08-11', 39723, '(77078f01-f0fb-44aa-9926-a1dd14ff0ddd)');
INSERT INTO dvd.orderlines VALUES (1, 11, 42, 3, '2009-01-31', 65, '(38670950-1516-4491-a221-f00d456dea83)');
INSERT INTO dvd.orderlines VALUES (4, 1744, 16, 1, '2009-02-16', 8795, '(c2604c8f-206e-47e8-8c6c-71e5fc27b9db)');
INSERT INTO dvd.orderlines VALUES (2, 1868, 10, 3, '2009-02-23', 9404, '(de1334c4-7da7-47ee-8603-30a99e3f80b6)');
INSERT INTO dvd.orderlines VALUES (9, 3324, 36, 1, '2009-04-22', 16799, '(5c8c118c-bdeb-413f-ba25-2ca475ada672)');
INSERT INTO dvd.orderlines VALUES (8, 7165, 26, 3, '2009-08-10', 36113, '(8d13f48b-0d86-4d9c-9948-866a8e577301)');
INSERT INTO dvd.orderlines VALUES (1, 8093, 39, 1, '2009-09-08', 40718, '(72dc0c39-5b1a-46d4-b9d1-d0267748151c)');
INSERT INTO dvd.orderlines VALUES (3, 8109, 13, 3, '2009-09-11', 40808, '(63615792-0eb6-4c32-abe6-fea9ae1de6b0)');
INSERT INTO dvd.orderlines VALUES (4, 8245, 43, 2, '2009-09-04', 41536, '(77078f01-f0fb-44aa-9926-a1dd14ff0ddd)');
INSERT INTO dvd.orderlines VALUES (4, 8274, 23, 2, '2009-09-06', 41673, '(80779a6c-e923-45a2-8e6e-8f1861dd9e8e)');
INSERT INTO dvd.orderlines VALUES (4, 8332, 46, 1, '2009-09-04', 41962, '(810bec9c-a5f4-42c3-a36b-d2828c821386)');
INSERT INTO dvd.orderlines VALUES (4, 8336, 30, 1, '2009-09-18', 41989, '(5b509cf2-a05c-463e-8a83-f91ee09e5486)');
INSERT INTO dvd.orderlines VALUES (5, 8350, 43, 3, '2009-09-03', 42055, '(77078f01-f0fb-44aa-9926-a1dd14ff0ddd)');
INSERT INTO dvd.orderlines VALUES (3, 8398, 28, 3, '2009-09-17', 42291, '(412605d6-d9f9-4c44-bfde-e13db20b8339)');
INSERT INTO dvd.orderlines VALUES (3, 8408, 13, 1, '2009-09-04', 42343, '(63615792-0eb6-4c32-abe6-fea9ae1de6b0)');
INSERT INTO dvd.orderlines VALUES (5, 8483, 4, 2, '2009-09-02', 42701, '(289fb9c6-a053-4d3c-8fde-27555c06aad8)');
INSERT INTO dvd.orderlines VALUES (1, 8518, 10, 2, '2009-09-22', 42854, '(de1334c4-7da7-47ee-8603-30a99e3f80b6)');
INSERT INTO dvd.orderlines VALUES (2, 8562, 26, 2, '2009-09-28', 43049, '(8d13f48b-0d86-4d9c-9948-866a8e577301)');
INSERT INTO dvd.orderlines VALUES (7, 8566, 9, 3, '2009-09-07', 43066, '(3195bdb9-74bc-4632-a6fc-53203e07d1d5)');
INSERT INTO dvd.orderlines VALUES (2, 8577, 9, 3, '2009-09-23', 43116, '(3195bdb9-74bc-4632-a6fc-53203e07d1d5)');
INSERT INTO dvd.orderlines VALUES (4, 8598, 28, 3, '2009-09-28', 43240, '(412605d6-d9f9-4c44-bfde-e13db20b8339)');
INSERT INTO dvd.orderlines VALUES (5, 8635, 31, 2, '2009-09-24', 43433, '(2362209b-7cdd-450b-bfce-a9b7c9c3c24a)');
INSERT INTO dvd.orderlines VALUES (1, 8675, 19, 1, '2009-09-05', 43647, '(b39849c4-1503-4341-945e-3eb300aac651)');
INSERT INTO dvd.orderlines VALUES (2, 8702, 38, 1, '2009-09-18', 43777, '(e0057ebe-7e92-411c-b358-50ddf5f830e6)');
INSERT INTO dvd.orderlines VALUES (1, 8709, 3, 2, '2009-09-02', 43811, '(ef0c36ed-c0a7-4a38-a6d2-5d1f24ba38d6)');
INSERT INTO dvd.orderlines VALUES (1, 8712, 33, 1, '2009-09-06', 43835, '(c57efac8-a4ec-434e-94c3-ea33bcacbd55)');
INSERT INTO dvd.orderlines VALUES (1, 8753, 46, 3, '2009-09-16', 44010, '(810bec9c-a5f4-42c3-a36b-d2828c821386)');
INSERT INTO dvd.orderlines VALUES (1, 8781, 2, 1, '2009-09-14', 44152, '(536842bb-c07e-4caa-a1ee-7efd31a6ef08)');
INSERT INTO dvd.orderlines VALUES (7, 8810, 30, 2, '2009-09-12', 44302, '(5b509cf2-a05c-463e-8a83-f91ee09e5486)');
INSERT INTO dvd.orderlines VALUES (7, 8821, 18, 2, '2009-09-30', 44379, '(d3ec2411-fc70-4142-a751-6c78c9a48579)');
INSERT INTO dvd.orderlines VALUES (1, 8921, 36, 1, '2009-09-04', 44890, '(5c8c118c-bdeb-413f-ba25-2ca475ada672)');
INSERT INTO dvd.orderlines VALUES (3, 8935, 23, 3, '2009-09-20', 44949, '(80779a6c-e923-45a2-8e6e-8f1861dd9e8e)');
INSERT INTO dvd.orderlines VALUES (6, 9082, 36, 2, '2009-10-24', 45662, '(5c8c118c-bdeb-413f-ba25-2ca475ada672)');
INSERT INTO dvd.orderlines VALUES (6, 9098, 2, 3, '2009-10-10', 45751, '(536842bb-c07e-4caa-a1ee-7efd31a6ef08)');
INSERT INTO dvd.orderlines VALUES (3, 9114, 29, 2, '2009-10-06', 45837, '(d70b6f37-693c-4aa1-ae80-d807766ab67b)');
INSERT INTO dvd.orderlines VALUES (5, 9148, 50, 2, '2009-10-12', 45991, '(c7934bf7-9b99-491a-b362-846e405cdda3)');
INSERT INTO dvd.orderlines VALUES (1, 9177, 9, 3, '2009-10-31', 46138, '(3195bdb9-74bc-4632-a6fc-53203e07d1d5)');
INSERT INTO dvd.orderlines VALUES (2, 9362, 33, 2, '2009-10-03', 47094, '(c57efac8-a4ec-434e-94c3-ea33bcacbd55)');
INSERT INTO dvd.orderlines VALUES (4, 9469, 14, 3, '2009-10-19', 47610, '(e5f3c717-273d-450e-8d06-e5b60b43394c)');
INSERT INTO dvd.orderlines VALUES (4, 9488, 45, 1, '2009-10-21', 47696, '(9e3ca162-828e-4d12-892c-fdd93db73d49)');
INSERT INTO dvd.orderlines VALUES (6, 9534, 9, 3, '2009-10-14', 47963, '(3195bdb9-74bc-4632-a6fc-53203e07d1d5)');
INSERT INTO dvd.orderlines VALUES (1, 9614, 38, 2, '2009-10-26', 48362, '(e0057ebe-7e92-411c-b358-50ddf5f830e6)');
INSERT INTO dvd.orderlines VALUES (3, 9623, 39, 2, '2009-10-01', 48417, '(72dc0c39-5b1a-46d4-b9d1-d0267748151c)');
INSERT INTO dvd.orderlines VALUES (4, 9722, 11, 1, '2009-10-07', 48920, '(fbf3441c-1613-42de-a505-453dc5e0b358)');
INSERT INTO dvd.orderlines VALUES (2, 9735, 43, 3, '2009-10-19', 48986, '(77078f01-f0fb-44aa-9926-a1dd14ff0ddd)');
INSERT INTO dvd.orderlines VALUES (3, 7944, 2, 3, '2009-08-25', 39984, '(536842bb-c07e-4caa-a1ee-7efd31a6ef08)');
INSERT INTO dvd.orderlines VALUES (7, 9871, 40, 3, '2009-10-07', 49713, '(c943a662-6cfd-4cb0-b151-2f22b73d9981)');
INSERT INTO dvd.orderlines VALUES (1, 9884, 48, 1, '2009-10-20', 49782, '(70df3bf5-9c8b-4a15-8a85-6bcfb53a3c28)');
INSERT INTO dvd.orderlines VALUES (2, 9896, 21, 3, '2009-10-25', 49860, '(a913a919-7bf6-4337-9c51-ac080c70c76a)');
INSERT INTO dvd.orderlines VALUES (1, 9898, 27, 1, '2009-10-17', 49870, '(b45757be-7111-42c4-8dfc-7ecdf17ed793)');
INSERT INTO dvd.orderlines VALUES (7, 9906, 17, 2, '2009-10-29', 49905, '(64324a14-9ed2-4287-a6ca-99bdabbc2098)');
INSERT INTO dvd.orderlines VALUES (4, 9976, 17, 1, '2009-10-02', 50279, '(64324a14-9ed2-4287-a6ca-99bdabbc2098)');
INSERT INTO dvd.orderlines VALUES (7, 9997, 49, 2, '2009-10-17', 50392, '(66464f88-b91b-4675-aae0-5add9e32cf50)');
INSERT INTO dvd.orderlines VALUES (1, 10037, 3, 3, '2009-11-13', 50585, '(ef0c36ed-c0a7-4a38-a6d2-5d1f24ba38d6)');
INSERT INTO dvd.orderlines VALUES (6, 10091, 36, 1, '2009-11-27', 50870, '(5c8c118c-bdeb-413f-ba25-2ca475ada672)');
INSERT INTO dvd.orderlines VALUES (7, 10098, 24, 2, '2009-11-28', 50901, '(80206901-7be5-4081-90d5-0c8816c202d2)');
INSERT INTO dvd.orderlines VALUES (7, 10101, 13, 2, '2009-11-21', 50917, '(63615792-0eb6-4c32-abe6-fea9ae1de6b0)');
INSERT INTO dvd.orderlines VALUES (6, 10116, 36, 2, '2009-11-27', 51007, '(5c8c118c-bdeb-413f-ba25-2ca475ada672)');
INSERT INTO dvd.orderlines VALUES (4, 10122, 29, 3, '2009-11-14', 51035, '(d70b6f37-693c-4aa1-ae80-d807766ab67b)');
INSERT INTO dvd.orderlines VALUES (5, 10184, 48, 1, '2009-11-23', 51342, '(70df3bf5-9c8b-4a15-8a85-6bcfb53a3c28)');
INSERT INTO dvd.orderlines VALUES (6, 10196, 28, 3, '2009-11-17', 51398, '(412605d6-d9f9-4c44-bfde-e13db20b8339)');
INSERT INTO dvd.orderlines VALUES (2, 10208, 17, 3, '2009-11-04', 51463, '(64324a14-9ed2-4287-a6ca-99bdabbc2098)');
INSERT INTO dvd.orderlines VALUES (3, 10254, 45, 2, '2009-11-24', 51686, '(9e3ca162-828e-4d12-892c-fdd93db73d49)');
INSERT INTO dvd.orderlines VALUES (1, 10272, 29, 1, '2009-11-12', 51754, '(d70b6f37-693c-4aa1-ae80-d807766ab67b)');
INSERT INTO dvd.orderlines VALUES (2, 10297, 7, 1, '2009-11-30', 51869, '(d6defc58-455f-44cc-a230-adf9fa284519)');
INSERT INTO dvd.orderlines VALUES (6, 10312, 47, 3, '2009-11-01', 51942, '(e26ccad1-59a3-4af1-bba0-f7f9b860fe4c)');
INSERT INTO dvd.orderlines VALUES (5, 10340, 42, 3, '2009-11-25', 52068, '(38670950-1516-4491-a221-f00d456dea83)');
INSERT INTO dvd.orderlines VALUES (1, 10460, 3, 3, '2009-11-16', 52656, '(ef0c36ed-c0a7-4a38-a6d2-5d1f24ba38d6)');
INSERT INTO dvd.orderlines VALUES (8, 10463, 37, 3, '2009-11-25', 52674, '(0f75167a-08ae-4030-9708-bc9a81821a5f)');
INSERT INTO dvd.orderlines VALUES (4, 10501, 40, 3, '2009-11-09', 52864, '(c943a662-6cfd-4cb0-b151-2f22b73d9981)');
INSERT INTO dvd.orderlines VALUES (2, 10503, 9, 3, '2009-11-27', 52874, '(3195bdb9-74bc-4632-a6fc-53203e07d1d5)');
INSERT INTO dvd.orderlines VALUES (7, 10504, 42, 2, '2009-11-21', 52884, '(38670950-1516-4491-a221-f00d456dea83)');
INSERT INTO dvd.orderlines VALUES (1, 10517, 3, 2, '2009-11-30', 52945, '(ef0c36ed-c0a7-4a38-a6d2-5d1f24ba38d6)');
INSERT INTO dvd.orderlines VALUES (1, 10520, 47, 2, '2009-11-02', 52964, '(e26ccad1-59a3-4af1-bba0-f7f9b860fe4c)');
INSERT INTO dvd.orderlines VALUES (8, 10529, 9, 3, '2009-11-26', 53034, '(3195bdb9-74bc-4632-a6fc-53203e07d1d5)');
INSERT INTO dvd.orderlines VALUES (5, 10544, 27, 3, '2009-11-10', 53099, '(b45757be-7111-42c4-8dfc-7ecdf17ed793)');
INSERT INTO dvd.orderlines VALUES (4, 10563, 49, 3, '2009-11-19', 53183, '(66464f88-b91b-4675-aae0-5add9e32cf50)');
INSERT INTO dvd.orderlines VALUES (6, 10669, 27, 2, '2009-11-10', 53723, '(b45757be-7111-42c4-8dfc-7ecdf17ed793)');
INSERT INTO dvd.orderlines VALUES (2, 10701, 11, 1, '2009-11-19', 53894, '(fbf3441c-1613-42de-a505-453dc5e0b358)');
INSERT INTO dvd.orderlines VALUES (4, 10752, 46, 3, '2009-11-24', 54124, '(810bec9c-a5f4-42c3-a36b-d2828c821386)');
INSERT INTO dvd.orderlines VALUES (1, 10759, 35, 2, '2009-11-18', 54161, '(4da2f14e-b128-46ad-86a7-527162b54a2b)');
INSERT INTO dvd.orderlines VALUES (3, 10774, 24, 1, '2009-11-08', 54237, '(80206901-7be5-4081-90d5-0c8816c202d2)');
INSERT INTO dvd.orderlines VALUES (1, 10791, 9, 1, '2009-11-18', 54334, '(3195bdb9-74bc-4632-a6fc-53203e07d1d5)');
INSERT INTO dvd.orderlines VALUES (3, 10936, 19, 1, '2009-11-19', 55082, '(b39849c4-1503-4341-945e-3eb300aac651)');
INSERT INTO dvd.orderlines VALUES (6, 11022, 2, 1, '2009-12-18', 55518, '(536842bb-c07e-4caa-a1ee-7efd31a6ef08)');
INSERT INTO dvd.orderlines VALUES (5, 11033, 6, 3, '2009-12-30', 55571, '(a53520e1-cdbd-46c1-83ae-37e78bbb2a38)');
INSERT INTO dvd.orderlines VALUES (2, 11038, 26, 1, '2009-12-09', 55590, '(8d13f48b-0d86-4d9c-9948-866a8e577301)');
INSERT INTO dvd.orderlines VALUES (7, 11066, 6, 2, '2009-12-14', 55751, '(a53520e1-cdbd-46c1-83ae-37e78bbb2a38)');
INSERT INTO dvd.orderlines VALUES (5, 11078, 29, 2, '2009-12-27', 55802, '(d70b6f37-693c-4aa1-ae80-d807766ab67b)');
INSERT INTO dvd.orderlines VALUES (5, 11094, 48, 2, '2009-12-04', 55870, '(70df3bf5-9c8b-4a15-8a85-6bcfb53a3c28)');
INSERT INTO dvd.orderlines VALUES (5, 11133, 39, 3, '2009-12-24', 56049, '(72dc0c39-5b1a-46d4-b9d1-d0267748151c)');
INSERT INTO dvd.orderlines VALUES (5, 11142, 34, 3, '2009-12-18', 56106, '(d2a0554a-4c46-4f69-84fc-456ce1e6e511)');
INSERT INTO dvd.orderlines VALUES (5, 11174, 49, 3, '2009-12-03', 56280, '(66464f88-b91b-4675-aae0-5add9e32cf50)');
INSERT INTO dvd.orderlines VALUES (4, 11221, 10, 3, '2009-12-16', 56517, '(de1334c4-7da7-47ee-8603-30a99e3f80b6)');
INSERT INTO dvd.orderlines VALUES (6, 11332, 24, 3, '2009-12-05', 57071, '(80206901-7be5-4081-90d5-0c8816c202d2)');
INSERT INTO dvd.orderlines VALUES (4, 11445, 24, 2, '2009-12-25', 57670, '(80206901-7be5-4081-90d5-0c8816c202d2)');
INSERT INTO dvd.orderlines VALUES (5, 11506, 46, 1, '2009-12-22', 57990, '(810bec9c-a5f4-42c3-a36b-d2828c821386)');
INSERT INTO dvd.orderlines VALUES (2, 11548, 36, 1, '2009-12-05', 58183, '(5c8c118c-bdeb-413f-ba25-2ca475ada672)');
INSERT INTO dvd.orderlines VALUES (7, 11610, 44, 1, '2009-12-25', 58508, '(721c765a-9006-4aa9-b7d9-f0fda737ea0a)');
INSERT INTO dvd.orderlines VALUES (3, 11661, 47, 1, '2009-12-26', 58730, '(e26ccad1-59a3-4af1-bba0-f7f9b860fe4c)');
INSERT INTO dvd.orderlines VALUES (1, 11700, 22, 1, '2009-12-09', 58910, '(128fa325-4f63-4bad-ab21-08f6aa0236c2)');
INSERT INTO dvd.orderlines VALUES (8, 11726, 26, 3, '2009-12-08', 59043, '(8d13f48b-0d86-4d9c-9948-866a8e577301)');
INSERT INTO dvd.orderlines VALUES (1, 11746, 48, 2, '2009-12-20', 59130, '(70df3bf5-9c8b-4a15-8a85-6bcfb53a3c28)');
INSERT INTO dvd.orderlines VALUES (4, 11764, 32, 2, '2009-12-03', 59225, '(d04f7f55-da44-4eb0-a6b5-cdf48c42d912)');
INSERT INTO dvd.orderlines VALUES (4, 11771, 46, 2, '2009-12-23', 59260, '(810bec9c-a5f4-42c3-a36b-d2828c821386)');
INSERT INTO dvd.orderlines VALUES (7, 11801, 28, 2, '2009-12-17', 59418, '(412605d6-d9f9-4c44-bfde-e13db20b8339)');
INSERT INTO dvd.orderlines VALUES (5, 11830, 16, 2, '2009-12-07', 59540, '(c2604c8f-206e-47e8-8c6c-71e5fc27b9db)');
INSERT INTO dvd.orderlines VALUES (3, 11877, 26, 3, '2009-12-02', 59739, '(8d13f48b-0d86-4d9c-9948-866a8e577301)');
INSERT INTO dvd.orderlines VALUES (4, 11880, 47, 3, '2009-12-27', 59755, '(e26ccad1-59a3-4af1-bba0-f7f9b860fe4c)');
INSERT INTO dvd.orderlines VALUES (2, 11891, 2, 2, '2009-12-10', 59803, '(536842bb-c07e-4caa-a1ee-7efd31a6ef08)');
INSERT INTO dvd.orderlines VALUES (6, 11895, 33, 2, '2009-12-26', 59832, '(c57efac8-a4ec-434e-94c3-ea33bcacbd55)');
INSERT INTO dvd.orderlines VALUES (2, 11905, 10, 2, '2009-12-20', 59881, '(de1334c4-7da7-47ee-8603-30a99e3f80b6)');
INSERT INTO dvd.orderlines VALUES (2, 11916, 15, 2, '2009-12-29', 59935, '(f4296644-9dd8-4da7-acae-63c6a9fa0b27)');
INSERT INTO dvd.orderlines VALUES (2, 11917, 29, 3, '2009-12-28', 59944, '(d70b6f37-693c-4aa1-ae80-d807766ab67b)');
INSERT INTO dvd.orderlines VALUES (7, 11918, 18, 3, '2009-12-31', 59952, '(d3ec2411-fc70-4142-a751-6c78c9a48579)');



INSERT INTO dvd.orders VALUES (284, '2017-01-09', 19331, 97.00, 8.00, 105.00, NULL);
INSERT INTO dvd.orders VALUES (11, '2017-01-31', 1082, 348.22, 28.73, 376.95, NULL);
INSERT INTO dvd.orders VALUES (35, '2017-01-06', 12380, 280.13, 23.11, 303.24, NULL);
INSERT INTO dvd.orders VALUES (67, '2017-01-10', 4489, 98.43, 8.12, 106.55, NULL);
INSERT INTO dvd.orders VALUES (127, '2017-01-04', 5824, 229.24, 18.91, 248.15, NULL);
INSERT INTO dvd.orders VALUES (132, '2017-01-27', 19182, 285.01, 23.51, 308.52, NULL);
INSERT INTO dvd.orders VALUES (166, '2017-01-21', 17710, 37.64, 3.11, 40.75, NULL);
INSERT INTO dvd.orders VALUES (221, '2017-01-19', 18631, 10.13, 0.84, 10.97, NULL);
INSERT INTO dvd.orders VALUES (294, '2017-01-13', 7090, 62.67, 5.17, 67.84, NULL);
INSERT INTO dvd.orders VALUES (319, '2017-01-20', 13437, 141.94, 11.71, 153.65, NULL);
INSERT INTO dvd.orders VALUES (341, '2017-01-08', 19587, 322.97, 26.65, 349.62, NULL);
INSERT INTO dvd.orders VALUES (348, '2017-01-24', 16536, 339.09, 27.97, 367.06, NULL);
INSERT INTO dvd.orders VALUES (350, '2017-01-22', 2905, 371.61, 30.66, 402.27, NULL);
INSERT INTO dvd.orders VALUES (370, '2017-01-17', 8987, 291.60, 24.06, 315.66, NULL);
INSERT INTO dvd.orders VALUES (453, '2017-01-11', 11735, 326.86, 26.97, 353.83, NULL);
INSERT INTO dvd.orders VALUES (492, '2017-01-20', 11856, 209.83, 17.31, 227.14, NULL);
INSERT INTO dvd.orders VALUES (520, '2017-01-01', 223, 52.32, 4.32, 56.64, NULL);
INSERT INTO dvd.orders VALUES (558, '2017-01-11', 17689, 228.70, 18.87, 247.57, NULL);
INSERT INTO dvd.orders VALUES (602, '2017-01-31', 12853, 180.57, 14.90, 195.47, NULL);
INSERT INTO dvd.orders VALUES (617, '2017-01-04', 14273, 174.75, 14.42, 189.17, NULL);
INSERT INTO dvd.orders VALUES (629, '2017-01-27', 3064, 348.85, 28.78, 377.63, NULL);
INSERT INTO dvd.orders VALUES (646, '2017-01-31', 6356, 222.29, 18.34, 240.63, NULL);
INSERT INTO dvd.orders VALUES (706, '2017-01-24', 3498, 102.34, 8.44, 110.78, NULL);
INSERT INTO dvd.orders VALUES (800, '2017-01-30', 6506, 12.32, 1.02, 13.34, NULL);
INSERT INTO dvd.orders VALUES (807, '2017-01-18', 17336, 177.76, 14.67, 192.43, NULL);
INSERT INTO dvd.orders VALUES (836, '2017-01-12', 3565, 190.01, 15.68, 205.69, NULL);
INSERT INTO dvd.orders VALUES (970, '2017-01-08', 12225, 361.00, 29.78, 390.78, NULL);
INSERT INTO dvd.orders VALUES (979, '2017-01-30', 492, 45.61, 3.76, 49.37, NULL);
INSERT INTO dvd.orders VALUES (1020, '2017-02-12', 3904, 92.94, 7.67, 100.61, NULL);
INSERT INTO dvd.orders VALUES (1036, '2017-02-06', 16738, 390.63, 32.23, 422.86, NULL);
INSERT INTO dvd.orders VALUES (1071, '2017-02-06', 19135, 107.04, 8.83, 115.87, NULL);
INSERT INTO dvd.orders VALUES (1171, '2017-02-26', 12930, 167.40, 13.81, 181.21, NULL);
INSERT INTO dvd.orders VALUES (1204, '2017-02-15', 11109, 348.88, 28.78, 377.66, NULL);
INSERT INTO dvd.orders VALUES (1273, '2017-02-23', 2682, 219.93, 18.14, 238.07, NULL);
INSERT INTO dvd.orders VALUES (1303, '2017-02-06', 13485, 387.86, 32.00, 419.86, NULL);
INSERT INTO dvd.orders VALUES (1404, '2017-02-24', 14119, 178.32, 14.71, 193.03, NULL);
INSERT INTO dvd.orders VALUES (1427, '2017-02-23', 19516, 84.17, 6.94, 91.11, NULL);
INSERT INTO dvd.orders VALUES (1491, '2017-02-22', 19576, 109.26, 9.01, 118.27, NULL);
INSERT INTO dvd.orders VALUES (1512, '2017-02-28', 5489, 51.07, 4.21, 55.28, NULL);
INSERT INTO dvd.orders VALUES (1555, '2017-02-24', 890, 165.94, 13.69, 179.63, NULL);
INSERT INTO dvd.orders VALUES (1610, '2017-02-21', 3707, 10.44, 0.86, 11.30, NULL);
INSERT INTO dvd.orders VALUES (1617, '2017-02-23', 3125, 115.90, 9.56, 125.46, NULL);
INSERT INTO dvd.orders VALUES (1673, '2017-02-23', 15468, 46.36, 3.82, 50.18, NULL);
INSERT INTO dvd.orders VALUES (1682, '2017-02-19', 9854, 156.99, 12.95, 169.94, NULL);
INSERT INTO dvd.orders VALUES (1688, '2017-02-09', 6036, 42.88, 3.54, 46.42, NULL);
INSERT INTO dvd.orders VALUES (1707, '2017-02-16', 16655, 232.72, 19.20, 251.92, NULL);
INSERT INTO dvd.orders VALUES (1743, '2017-02-27', 18347, 395.79, 32.65, 428.44, NULL);
INSERT INTO dvd.orders VALUES (1744, '2017-02-16', 14143, 130.69, 10.78, 141.47, NULL);
INSERT INTO dvd.orders VALUES (1798, '2017-02-27', 12757, 176.87, 14.59, 191.46, NULL);
INSERT INTO dvd.orders VALUES (1825, '2017-02-02', 18686, 253.90, 20.95, 274.85, NULL);
INSERT INTO dvd.orders VALUES (1868, '2017-02-23', 7645, 354.87, 29.28, 384.15, NULL);
INSERT INTO dvd.orders VALUES (1870, '2017-02-08', 9966, 200.66, 16.55, 217.21, NULL);
INSERT INTO dvd.orders VALUES (2001, '2017-03-04', 931, 31.84, 2.63, 34.47, NULL);
INSERT INTO dvd.orders VALUES (2015, '2017-03-04', 3441, 389.04, 32.10, 421.14, NULL);
INSERT INTO dvd.orders VALUES (2044, '2017-03-11', 14918, 371.54, 30.65, 402.19, NULL);
INSERT INTO dvd.orders VALUES (2067, '2017-03-07', 1693, 245.19, 20.23, 265.42, NULL);
INSERT INTO dvd.orders VALUES (2109, '2017-03-16', 11012, 61.23, 5.05, 66.28, NULL);
INSERT INTO dvd.orders VALUES (2171, '2017-03-29', 5068, 247.68, 20.43, 268.11, NULL);
INSERT INTO dvd.orders VALUES (2221, '2017-03-17', 4081, 375.82, 31.01, 406.83, NULL);
INSERT INTO dvd.orders VALUES (2252, '2017-03-12', 11873, 43.52, 3.59, 47.11, NULL);
INSERT INTO dvd.orders VALUES (2311, '2017-03-04', 13528, 121.72, 10.04, 131.76, NULL);
INSERT INTO dvd.orders VALUES (2353, '2017-03-27', 11456, 127.48, 10.52, 138.00, NULL);
INSERT INTO dvd.orders VALUES (2372, '2017-03-24', 4974, 398.37, 32.87, 431.24, NULL);
INSERT INTO dvd.orders VALUES (2419, '2017-03-17', 4006, 394.27, 32.53, 426.80, NULL);
INSERT INTO dvd.orders VALUES (2459, '2017-03-18', 13317, 143.19, 11.81, 155.00, NULL);
INSERT INTO dvd.orders VALUES (2473, '2017-03-12', 4497, 237.20, 19.57, 256.77, NULL);
INSERT INTO dvd.orders VALUES (2486, '2017-03-28', 14187, 283.99, 23.43, 307.42, NULL);
INSERT INTO dvd.orders VALUES (2517, '2017-03-11', 15602, 323.81, 26.71, 350.52, NULL);
INSERT INTO dvd.orders VALUES (2535, '2017-03-27', 17479, 41.89, 3.46, 45.35, NULL);
INSERT INTO dvd.orders VALUES (2571, '2017-03-21', 5781, 86.84, 7.16, 94.00, NULL);
INSERT INTO dvd.orders VALUES (2732, '2017-03-14', 17773, 210.99, 17.41, 228.40, NULL);
INSERT INTO dvd.orders VALUES (2738, '2017-03-09', 16831, 175.96, 14.52, 190.48, NULL);
INSERT INTO dvd.orders VALUES (2803, '2017-03-11', 5344, 53.25, 4.39, 57.64, NULL);
INSERT INTO dvd.orders VALUES (2859, '2017-03-20', 4640, 394.17, 32.52, 426.69, NULL);
INSERT INTO dvd.orders VALUES (2897, '2017-03-23', 953, 161.44, 13.32, 174.76, NULL);
INSERT INTO dvd.orders VALUES (2930, '2017-03-21', 18119, 253.05, 20.88, 273.93, NULL);
INSERT INTO dvd.orders VALUES (2937, '2017-03-01', 18271, 195.92, 16.16, 212.08, NULL);
INSERT INTO dvd.orders VALUES (2951, '2017-03-30', 3619, 335.17, 27.65, 362.82, NULL);
INSERT INTO dvd.orders VALUES (2977, '2017-03-17', 9304, 91.87, 7.58, 99.45, NULL);
INSERT INTO dvd.orders VALUES (3003, '2017-04-14', 7620, 293.76, 24.24, 318.00, NULL);
INSERT INTO dvd.orders VALUES (3029, '2017-04-30', 15208, 239.43, 19.75, 259.18, NULL);
INSERT INTO dvd.orders VALUES (3032, '2017-04-30', 4298, 355.00, 29.29, 384.29, NULL);
INSERT INTO dvd.orders VALUES (3272, '2017-04-12', 18681, 70.29, 5.80, 76.09, NULL);
INSERT INTO dvd.orders VALUES (3287, '2017-04-26', 10220, 125.60, 10.36, 135.96, NULL);
INSERT INTO dvd.orders VALUES (3288, '2017-04-21', 3848, 61.42, 5.07, 66.49, NULL);
INSERT INTO dvd.orders VALUES (3290, '2017-04-06', 1356, 64.66, 5.33, 69.99, NULL);
INSERT INTO dvd.orders VALUES (3324, '2017-04-22', 13719, 276.98, 22.85, 299.83, NULL);
INSERT INTO dvd.orders VALUES (3386, '2017-04-02', 2902, 382.05, 31.52, 413.57, NULL);
INSERT INTO dvd.orders VALUES (3396, '2017-04-28', 16280, 137.20, 11.32, 148.52, NULL);
INSERT INTO dvd.orders VALUES (3463, '2017-04-28', 1486, 51.57, 4.25, 55.82, NULL);
INSERT INTO dvd.orders VALUES (3471, '2017-04-26', 17228, 36.61, 3.02, 39.63, NULL);
INSERT INTO dvd.orders VALUES (3492, '2017-04-28', 7259, 395.17, 32.60, 427.77, NULL);
INSERT INTO dvd.orders VALUES (3506, '2017-04-13', 12396, 271.85, 22.43, 294.28, NULL);
INSERT INTO dvd.orders VALUES (3507, '2017-04-03', 6652, 160.19, 13.22, 173.41, NULL);
INSERT INTO dvd.orders VALUES (3582, '2017-04-18', 15595, 301.47, 24.87, 326.34, NULL);
INSERT INTO dvd.orders VALUES (3592, '2017-04-28', 4065, 36.47, 3.01, 39.48, NULL);
INSERT INTO dvd.orders VALUES (3609, '2017-04-25', 10644, 53.49, 4.41, 57.90, NULL);
INSERT INTO dvd.orders VALUES (3610, '2017-04-15', 3567, 233.97, 19.30, 253.27, NULL);
INSERT INTO dvd.orders VALUES (3745, '2017-04-08', 16070, 152.26, 12.56, 164.82, NULL);
INSERT INTO dvd.orders VALUES (3785, '2017-04-17', 16108, 46.03, 3.80, 49.83, NULL);
INSERT INTO dvd.orders VALUES (3836, '2017-04-08', 10707, 256.46, 21.16, 277.62, NULL);
INSERT INTO dvd.orders VALUES (3858, '2017-04-19', 9874, 131.59, 10.86, 142.45, NULL);
INSERT INTO dvd.orders VALUES (3902, '2017-04-25', 14493, 321.02, 26.48, 347.50, NULL);
INSERT INTO dvd.orders VALUES (3913, '2017-04-10', 4159, 261.23, 21.55, 282.78, NULL);
INSERT INTO dvd.orders VALUES (4083, '2017-05-08', 15065, 229.38, 18.92, 248.30, NULL);
INSERT INTO dvd.orders VALUES (4165, '2017-05-16', 258, 51.18, 4.22, 55.40, NULL);
INSERT INTO dvd.orders VALUES (4189, '2017-05-29', 10870, 145.29, 11.99, 157.28, NULL);
INSERT INTO dvd.orders VALUES (4198, '2017-05-03', 13371, 58.25, 4.81, 63.06, NULL);
INSERT INTO dvd.orders VALUES (4245, '2017-05-05', 4311, 267.73, 22.09, 289.82, NULL);
INSERT INTO dvd.orders VALUES (4251, '2017-05-06', 3580, 98.67, 8.14, 106.81, NULL);
INSERT INTO dvd.orders VALUES (4266, '2017-05-03', 1635, 212.79, 17.56, 230.35, NULL);
INSERT INTO dvd.orders VALUES (4295, '2017-05-16', 3578, 135.66, 11.19, 146.85, NULL);
INSERT INTO dvd.orders VALUES (4364, '2017-05-17', 14725, 207.90, 17.15, 225.05, NULL);
INSERT INTO dvd.orders VALUES (4370, '2017-05-07', 11585, 97.26, 8.02, 105.28, NULL);
INSERT INTO dvd.orders VALUES (4378, '2017-05-10', 4434, 158.40, 13.07, 171.47, NULL);
INSERT INTO dvd.orders VALUES (4431, '2017-05-01', 17194, 160.58, 13.25, 173.83, NULL);
INSERT INTO dvd.orders VALUES (4495, '2017-05-28', 1750, 244.23, 20.15, 264.38, NULL);
INSERT INTO dvd.orders VALUES (4525, '2017-05-03', 16095, 375.65, 30.99, 406.64, NULL);
INSERT INTO dvd.orders VALUES (4633, '2017-05-29', 5470, 125.29, 10.34, 135.63, NULL);
INSERT INTO dvd.orders VALUES (4656, '2017-05-31', 19858, 335.35, 27.67, 363.02, NULL);
INSERT INTO dvd.orders VALUES (4694, '2017-05-16', 7870, 19.74, 1.63, 21.37, NULL);
INSERT INTO dvd.orders VALUES (4701, '2017-05-16', 18309, 365.07, 30.12, 395.19, NULL);
INSERT INTO dvd.orders VALUES (4724, '2017-05-17', 10184, 389.65, 32.15, 421.80, NULL);
INSERT INTO dvd.orders VALUES (4731, '2017-05-27', 17264, 24.00, 1.98, 25.98, NULL);
INSERT INTO dvd.orders VALUES (4735, '2017-05-09', 4429, 323.61, 26.70, 350.31, NULL);
INSERT INTO dvd.orders VALUES (4748, '2017-05-15', 8326, 64.10, 5.29, 69.39, NULL);
INSERT INTO dvd.orders VALUES (4751, '2017-05-07', 11138, 16.18, 1.33, 17.51, NULL);
INSERT INTO dvd.orders VALUES (4792, '2017-05-25', 3270, 285.99, 23.59, 309.58, NULL);
INSERT INTO dvd.orders VALUES (4793, '2017-05-27', 2303, 354.51, 29.25, 383.76, NULL);
INSERT INTO dvd.orders VALUES (4808, '2017-05-29', 9564, 344.90, 28.45, 373.35, NULL);
INSERT INTO dvd.orders VALUES (4820, '2017-05-04', 4519, 243.00, 20.05, 263.05, NULL);
INSERT INTO dvd.orders VALUES (4872, '2017-05-22', 12115, 337.52, 27.85, 365.37, NULL);
INSERT INTO dvd.orders VALUES (4900, '2017-05-31', 13939, 29.92, 2.47, 32.39, NULL);
INSERT INTO dvd.orders VALUES (4933, '2017-05-18', 17323, 304.41, 25.11, 329.52, NULL);
INSERT INTO dvd.orders VALUES (4991, '2017-05-30', 2924, 321.19, 26.50, 347.69, NULL);
INSERT INTO dvd.orders VALUES (5118, '2017-06-30', 13678, 27.60, 2.28, 29.88, NULL);
INSERT INTO dvd.orders VALUES (5121, '2017-06-19', 3490, 32.02, 2.64, 34.66, NULL);
INSERT INTO dvd.orders VALUES (5203, '2017-06-05', 14131, 385.51, 31.80, 417.31, NULL);
INSERT INTO dvd.orders VALUES (5221, '2017-06-18', 5173, 381.73, 31.49, 413.22, NULL);
INSERT INTO dvd.orders VALUES (5239, '2017-06-16', 19111, 318.43, 26.27, 344.70, NULL);
INSERT INTO dvd.orders VALUES (5243, '2017-06-21', 13196, 53.34, 4.40, 57.74, NULL);
INSERT INTO dvd.orders VALUES (5269, '2017-06-06', 1943, 21.88, 1.81, 23.69, NULL);
INSERT INTO dvd.orders VALUES (5316, '2017-06-10', 9058, 97.02, 8.00, 105.02, NULL);
INSERT INTO dvd.orders VALUES (5344, '2017-06-17', 13557, 29.74, 2.45, 32.19, NULL);
INSERT INTO dvd.orders VALUES (5380, '2017-06-16', 1584, 54.66, 4.51, 59.17, NULL);
INSERT INTO dvd.orders VALUES (5394, '2017-06-12', 12170, 389.51, 32.13, 421.64, NULL);
INSERT INTO dvd.orders VALUES (5402, '2017-06-09', 2774, 359.35, 29.65, 389.00, NULL);
INSERT INTO dvd.orders VALUES (5431, '2017-06-24', 8631, 336.58, 27.77, 364.35, NULL);
INSERT INTO dvd.orders VALUES (5443, '2017-06-11', 4605, 93.63, 7.72, 101.35, NULL);
INSERT INTO dvd.orders VALUES (5446, '2017-06-04', 4370, 325.81, 26.88, 352.69, NULL);
INSERT INTO dvd.orders VALUES (5606, '2017-06-06', 13840, 181.32, 14.96, 196.28, NULL);
INSERT INTO dvd.orders VALUES (5611, '2017-06-10', 886, 262.45, 21.65, 284.10, NULL);
INSERT INTO dvd.orders VALUES (5621, '2017-06-25', 9051, 222.08, 18.32, 240.40, NULL);
INSERT INTO dvd.orders VALUES (5722, '2017-06-28', 18380, 166.14, 13.71, 179.85, NULL);
INSERT INTO dvd.orders VALUES (5724, '2017-06-15', 11178, 240.39, 19.83, 260.22, NULL);
INSERT INTO dvd.orders VALUES (5770, '2017-06-27', 14092, 32.84, 2.71, 35.55, NULL);
INSERT INTO dvd.orders VALUES (5846, '2017-06-14', 5341, 218.34, 18.01, 236.35, NULL);
INSERT INTO dvd.orders VALUES (5906, '2017-06-12', 14683, 302.22, 24.93, 327.15, NULL);
INSERT INTO dvd.orders VALUES (5911, '2017-06-15', 6018, 105.46, 8.70, 114.16, NULL);
INSERT INTO dvd.orders VALUES (5913, '2017-06-21', 12845, 19.71, 1.63, 21.34, NULL);
INSERT INTO dvd.orders VALUES (5917, '2017-06-11', 14904, 230.81, 19.04, 249.85, NULL);
INSERT INTO dvd.orders VALUES (6043, '2017-07-19', 17190, 31.13, 2.57, 33.70, NULL);
INSERT INTO dvd.orders VALUES (6101, '2017-07-14', 6879, 17.58, 1.45, 19.03, NULL);
INSERT INTO dvd.orders VALUES (6109, '2017-07-09', 12180, 289.56, 23.89, 313.45, NULL);
INSERT INTO dvd.orders VALUES (6125, '2017-07-08', 12719, 257.60, 21.25, 278.85, NULL);
INSERT INTO dvd.orders VALUES (6127, '2017-07-11', 13301, 184.22, 15.20, 199.42, NULL);
INSERT INTO dvd.orders VALUES (6129, '2017-07-10', 7668, 160.78, 13.26, 174.04, NULL);
INSERT INTO dvd.orders VALUES (6132, '2017-07-27', 1483, 8.29, 0.68, 8.97, NULL);
INSERT INTO dvd.orders VALUES (6145, '2017-07-30', 8011, 238.14, 19.65, 257.79, NULL);
INSERT INTO dvd.orders VALUES (6162, '2017-07-13', 17700, 172.41, 14.22, 186.63, NULL);
INSERT INTO dvd.orders VALUES (6191, '2017-07-15', 18397, 117.76, 9.72, 127.48, NULL);
INSERT INTO dvd.orders VALUES (6192, '2017-07-14', 445, 240.40, 19.83, 260.23, NULL);
INSERT INTO dvd.orders VALUES (6427, '2017-07-11', 6195, 221.30, 18.26, 239.56, NULL);
INSERT INTO dvd.orders VALUES (6523, '2017-07-05', 19866, 246.07, 20.30, 266.37, NULL);
INSERT INTO dvd.orders VALUES (6558, '2017-07-15', 1638, 119.60, 9.87, 129.47, NULL);
INSERT INTO dvd.orders VALUES (6591, '2017-07-16', 5726, 196.07, 16.18, 212.25, NULL);
INSERT INTO dvd.orders VALUES (6657, '2017-07-08', 1466, 156.99, 12.95, 169.94, NULL);
INSERT INTO dvd.orders VALUES (6668, '2017-07-04', 1594, 206.06, 17.00, 223.06, NULL);
INSERT INTO dvd.orders VALUES (6669, '2017-07-03', 9318, 240.91, 19.88, 260.79, NULL);
INSERT INTO dvd.orders VALUES (6690, '2017-07-15', 5027, 130.73, 10.79, 141.52, NULL);
INSERT INTO dvd.orders VALUES (6713, '2017-07-21', 19568, 38.45, 3.17, 41.62, NULL);
INSERT INTO dvd.orders VALUES (6755, '2017-07-18', 11688, 371.65, 30.66, 402.31, NULL);
INSERT INTO dvd.orders VALUES (6818, '2017-07-22', 6535, 347.46, 28.67, 376.13, NULL);
INSERT INTO dvd.orders VALUES (6859, '2017-07-10', 9448, 239.69, 19.77, 259.46, NULL);
INSERT INTO dvd.orders VALUES (6985, '2017-07-26', 18805, 77.50, 6.39, 83.89, NULL);
INSERT INTO dvd.orders VALUES (6998, '2017-07-21', 7837, 333.31, 27.50, 360.81, NULL);
INSERT INTO dvd.orders VALUES (7058, '2017-08-11', 18375, 282.61, 23.32, 305.93, NULL);
INSERT INTO dvd.orders VALUES (7071, '2017-08-19', 9466, 339.14, 27.98, 367.12, NULL);
INSERT INTO dvd.orders VALUES (7082, '2017-08-31', 13755, 137.36, 11.33, 148.69, NULL);
INSERT INTO dvd.orders VALUES (7109, '2017-08-20', 7771, 329.83, 27.21, 357.04, NULL);
INSERT INTO dvd.orders VALUES (7165, '2017-08-10', 17050, 44.29, 3.65, 47.94, NULL);
INSERT INTO dvd.orders VALUES (7194, '2017-08-25', 3395, 379.78, 31.33, 411.11, NULL);
INSERT INTO dvd.orders VALUES (7221, '2017-08-30', 17181, 195.77, 16.15, 211.92, NULL);
INSERT INTO dvd.orders VALUES (7269, '2017-08-12', 5908, 82.43, 6.80, 89.23, NULL);
INSERT INTO dvd.orders VALUES (7271, '2017-08-27', 4198, 75.17, 6.20, 81.37, NULL);
INSERT INTO dvd.orders VALUES (7330, '2017-08-17', 2907, 55.64, 4.59, 60.23, NULL);
INSERT INTO dvd.orders VALUES (7351, '2017-08-18', 5212, 78.18, 6.45, 84.63, NULL);
INSERT INTO dvd.orders VALUES (7450, '2017-08-01', 17125, 357.35, 29.48, 386.83, NULL);
INSERT INTO dvd.orders VALUES (7471, '2017-08-20', 19767, 326.22, 26.91, 353.13, NULL);
INSERT INTO dvd.orders VALUES (7526, '2017-08-04', 4594, 121.60, 10.03, 131.63, NULL);
INSERT INTO dvd.orders VALUES (7541, '2017-08-19', 3034, 51.46, 4.25, 55.71, NULL);
INSERT INTO dvd.orders VALUES (7544, '2017-08-11', 18051, 17.15, 1.41, 18.56, NULL);
INSERT INTO dvd.orders VALUES (7566, '2017-08-16', 731, 105.62, 8.71, 114.33, NULL);
INSERT INTO dvd.orders VALUES (7571, '2017-08-12', 3795, 105.83, 8.73, 114.56, NULL);
INSERT INTO dvd.orders VALUES (7578, '2017-08-21', 18341, 154.09, 12.71, 166.80, NULL);
INSERT INTO dvd.orders VALUES (7592, '2017-08-25', 5974, 5.88, 0.49, 6.37, NULL);
INSERT INTO dvd.orders VALUES (7598, '2017-08-31', 12713, 96.01, 7.92, 103.93, NULL);
INSERT INTO dvd.orders VALUES (7602, '2017-08-28', 12208, 362.10, 29.87, 391.97, NULL);
INSERT INTO dvd.orders VALUES (7614, '2017-08-10', 3671, 71.12, 5.87, 76.99, NULL);
INSERT INTO dvd.orders VALUES (7711, '2017-08-30', 9253, 76.94, 6.35, 83.29, NULL);
INSERT INTO dvd.orders VALUES (7718, '2017-08-10', 1502, 14.41, 1.19, 15.60, NULL);
INSERT INTO dvd.orders VALUES (7746, '2017-08-22', 16194, 334.18, 27.57, 361.75, NULL);
INSERT INTO dvd.orders VALUES (7894, '2017-08-11', 2666, 113.91, 9.40, 123.31, NULL);
INSERT INTO dvd.orders VALUES (7944, '2017-08-25', 6359, 41.32, 3.41, 44.73, NULL);
INSERT INTO dvd.orders VALUES (8093, '2017-09-08', 15217, 218.06, 17.99, 236.05, NULL);
INSERT INTO dvd.orders VALUES (8109, '2017-09-11', 8354, 76.12, 6.28, 82.40, NULL);
INSERT INTO dvd.orders VALUES (8245, '2017-09-04', 9418, 34.52, 2.85, 37.37, NULL);
INSERT INTO dvd.orders VALUES (8274, '2017-09-06', 12071, 338.32, 27.91, 366.23, NULL);
INSERT INTO dvd.orders VALUES (8332, '2017-09-04', 18248, 249.09, 20.55, 269.64, NULL);
INSERT INTO dvd.orders VALUES (8336, '2017-09-18', 489, 146.33, 12.07, 158.40, NULL);
INSERT INTO dvd.orders VALUES (8350, '2017-09-03', 5624, 261.17, 21.55, 282.72, NULL);
INSERT INTO dvd.orders VALUES (8398, '2017-09-17', 17478, 171.59, 14.16, 185.75, NULL);
INSERT INTO dvd.orders VALUES (8408, '2017-09-04', 4952, 375.28, 30.96, 406.24, NULL);
INSERT INTO dvd.orders VALUES (8483, '2017-09-02', 19929, 37.27, 3.07, 40.34, NULL);
INSERT INTO dvd.orders VALUES (8518, '2017-09-22', 13046, 291.28, 24.03, 315.31, NULL);
INSERT INTO dvd.orders VALUES (8562, '2017-09-28', 14950, 124.77, 10.29, 135.06, NULL);
INSERT INTO dvd.orders VALUES (8566, '2017-09-07', 2542, 321.85, 26.55, 348.40, NULL);
INSERT INTO dvd.orders VALUES (8577, '2017-09-23', 13668, 365.36, 30.14, 395.50, NULL);
INSERT INTO dvd.orders VALUES (8598, '2017-09-28', 12774, 77.66, 6.41, 84.07, NULL);
INSERT INTO dvd.orders VALUES (8635, '2017-09-24', 746, 141.52, 11.68, 153.20, NULL);
INSERT INTO dvd.orders VALUES (8675, '2017-09-05', 948, 177.22, 14.62, 191.84, NULL);
INSERT INTO dvd.orders VALUES (8702, '2017-09-18', 9796, 276.27, 22.79, 299.06, NULL);
INSERT INTO dvd.orders VALUES (8709, '2017-09-02', 5050, 153.67, 12.68, 166.35, NULL);
INSERT INTO dvd.orders VALUES (8712, '2017-09-06', 5689, 362.84, 29.93, 392.77, NULL);
INSERT INTO dvd.orders VALUES (8753, '2017-09-16', 19040, 296.06, 24.42, 320.48, NULL);
INSERT INTO dvd.orders VALUES (8781, '2017-09-14', 19698, 252.88, 20.86, 273.74, NULL);
INSERT INTO dvd.orders VALUES (8810, '2017-09-12', 11937, 397.13, 32.76, 429.89, NULL);
INSERT INTO dvd.orders VALUES (8821, '2017-09-30', 18208, 196.23, 16.19, 212.42, NULL);
INSERT INTO dvd.orders VALUES (8921, '2017-09-04', 1882, 273.61, 22.57, 296.18, NULL);
INSERT INTO dvd.orders VALUES (8935, '2017-09-20', 10872, 160.99, 13.28, 174.27, NULL);
INSERT INTO dvd.orders VALUES (9082, '2017-10-24', 9684, 29.62, 2.44, 32.06, NULL);
INSERT INTO dvd.orders VALUES (9098, '2017-10-10', 18355, 155.61, 12.84, 168.45, NULL);
INSERT INTO dvd.orders VALUES (9114, '2017-10-06', 11857, 15.07, 1.24, 16.31, NULL);
INSERT INTO dvd.orders VALUES (9148, '2017-10-12', 18023, 159.56, 13.16, 172.72, NULL);
INSERT INTO dvd.orders VALUES (9177, '2017-10-31', 12003, 84.25, 6.95, 91.20, NULL);
INSERT INTO dvd.orders VALUES (9362, '2017-10-03', 6952, 132.32, 10.92, 143.24, NULL);
INSERT INTO dvd.orders VALUES (9469, '2017-10-19', 7877, 320.95, 26.48, 347.43, NULL);
INSERT INTO dvd.orders VALUES (9488, '2017-10-21', 11219, 100.83, 8.32, 109.15, NULL);
INSERT INTO dvd.orders VALUES (9534, '2017-10-14', 2871, 291.79, 24.07, 315.86, NULL);
INSERT INTO dvd.orders VALUES (9614, '2017-10-26', 4871, 2.30, 0.19, 2.49, NULL);
INSERT INTO dvd.orders VALUES (9623, '2017-10-01', 15692, 238.10, 19.64, 257.74, NULL);
INSERT INTO dvd.orders VALUES (9722, '2017-10-07', 9601, 222.07, 18.32, 240.39, NULL);
INSERT INTO dvd.orders VALUES (9735, '2017-10-19', 959, 233.98, 19.30, 253.28, NULL);
INSERT INTO dvd.orders VALUES (9871, '2017-10-07', 14664, 131.79, 10.87, 142.66, NULL);
INSERT INTO dvd.orders VALUES (9884, '2017-10-20', 7744, 151.65, 12.51, 164.16, NULL);
INSERT INTO dvd.orders VALUES (9896, '2017-10-25', 2063, 205.34, 16.94, 222.28, NULL);
INSERT INTO dvd.orders VALUES (9898, '2017-10-17', 13778, 361.90, 29.86, 391.76, NULL);
INSERT INTO dvd.orders VALUES (9906, '2017-10-29', 3304, 302.30, 24.94, 327.24, NULL);
INSERT INTO dvd.orders VALUES (9976, '2017-10-02', 13257, 92.88, 7.66, 100.54, NULL);
INSERT INTO dvd.orders VALUES (9997, '2017-10-17', 19092, 141.66, 11.69, 153.35, NULL);
INSERT INTO dvd.orders VALUES (10037, '2017-11-13', 2502, 281.14, 23.19, 304.33, NULL);
INSERT INTO dvd.orders VALUES (10091, '2017-11-27', 5071, 283.71, 23.41, 307.12, NULL);
INSERT INTO dvd.orders VALUES (10098, '2017-11-28', 10361, 184.32, 15.21, 199.53, NULL);
INSERT INTO dvd.orders VALUES (10101, '2017-11-21', 2657, 233.53, 19.27, 252.80, NULL);
INSERT INTO dvd.orders VALUES (10116, '2017-11-27', 9523, 28.72, 2.37, 31.09, NULL);
INSERT INTO dvd.orders VALUES (10122, '2017-11-14', 4655, 239.34, 19.75, 259.09, NULL);
INSERT INTO dvd.orders VALUES (10184, '2017-11-23', 3525, 288.72, 23.82, 312.54, NULL);
INSERT INTO dvd.orders VALUES (10196, '2017-11-17', 18511, 279.49, 23.06, 302.55, NULL);
INSERT INTO dvd.orders VALUES (10208, '2017-11-04', 5839, 379.66, 31.32, 410.98, NULL);
INSERT INTO dvd.orders VALUES (10254, '2017-11-24', 8665, 266.49, 21.99, 288.48, NULL);
INSERT INTO dvd.orders VALUES (10272, '2017-11-12', 4435, 201.95, 16.66, 218.61, NULL);
INSERT INTO dvd.orders VALUES (10297, '2017-11-30', 537, 364.85, 30.10, 394.95, NULL);
INSERT INTO dvd.orders VALUES (10312, '2017-11-01', 1112, 338.75, 27.95, 366.70, NULL);
INSERT INTO dvd.orders VALUES (10340, '2017-11-25', 11918, 51.99, 4.29, 56.28, NULL);
INSERT INTO dvd.orders VALUES (10460, '2017-11-16', 959, 94.98, 7.84, 102.82, NULL);
INSERT INTO dvd.orders VALUES (10463, '2017-11-25', 5994, 364.23, 30.05, 394.28, NULL);
INSERT INTO dvd.orders VALUES (10501, '2017-11-09', 5520, 396.25, 32.69, 428.94, NULL);
INSERT INTO dvd.orders VALUES (10503, '2017-11-27', 8661, 197.96, 16.33, 214.29, NULL);
INSERT INTO dvd.orders VALUES (10504, '2017-11-21', 612, 374.49, 30.90, 405.39, NULL);
INSERT INTO dvd.orders VALUES (10517, '2017-11-30', 12724, 65.44, 5.40, 70.84, NULL);
INSERT INTO dvd.orders VALUES (10520, '2017-11-02', 2356, 67.69, 5.58, 73.27, NULL);
INSERT INTO dvd.orders VALUES (10529, '2017-11-26', 19177, 107.25, 8.85, 116.10, NULL);
INSERT INTO dvd.orders VALUES (10544, '2017-11-10', 6225, 391.69, 32.31, 424.00, NULL);
INSERT INTO dvd.orders VALUES (10563, '2017-11-19', 2613, 335.26, 27.66, 362.92, NULL);
INSERT INTO dvd.orders VALUES (10669, '2017-11-10', 4169, 295.14, 24.35, 319.49, NULL);
INSERT INTO dvd.orders VALUES (10701, '2017-11-19', 18931, 112.98, 9.32, 122.30, NULL);
INSERT INTO dvd.orders VALUES (10752, '2017-11-24', 11606, 180.79, 14.92, 195.71, NULL);
INSERT INTO dvd.orders VALUES (10759, '2017-11-18', 19004, 33.87, 2.79, 36.66, NULL);
INSERT INTO dvd.orders VALUES (10774, '2017-11-08', 11908, 10.18, 0.84, 11.02, NULL);
INSERT INTO dvd.orders VALUES (10791, '2017-11-18', 19127, 351.05, 28.96, 380.01, NULL);
INSERT INTO dvd.orders VALUES (10936, '2017-11-19', 2658, 254.75, 21.02, 275.77, NULL);
INSERT INTO dvd.orders VALUES (11022, '2017-12-18', 8722, 71.29, 5.88, 77.17, NULL);
INSERT INTO dvd.orders VALUES (11033, '2017-12-30', 10383, 157.88, 13.03, 170.91, NULL);
INSERT INTO dvd.orders VALUES (11038, '2017-12-09', 14679, 2.06, 0.17, 2.23, NULL);
INSERT INTO dvd.orders VALUES (11066, '2017-12-14', 7778, 396.08, 32.68, 428.76, NULL);
INSERT INTO dvd.orders VALUES (11078, '2017-12-27', 18249, 262.02, 21.62, 283.64, NULL);
INSERT INTO dvd.orders VALUES (11094, '2017-12-04', 2364, 300.88, 24.82, 325.70, NULL);
INSERT INTO dvd.orders VALUES (11133, '2017-12-24', 19001, 364.86, 30.10, 394.96, NULL);
INSERT INTO dvd.orders VALUES (11142, '2017-12-18', 7378, 16.56, 1.37, 17.93, NULL);
INSERT INTO dvd.orders VALUES (11174, '2017-12-03', 16602, 296.86, 24.49, 321.35, NULL);
INSERT INTO dvd.orders VALUES (11221, '2017-12-16', 4634, 389.56, 32.14, 421.70, NULL);
INSERT INTO dvd.orders VALUES (11332, '2017-12-05', 8606, 203.93, 16.82, 220.75, NULL);
INSERT INTO dvd.orders VALUES (11445, '2017-12-25', 7644, 263.04, 21.70, 284.74, NULL);
INSERT INTO dvd.orders VALUES (11506, '2017-12-22', 11000, 134.26, 11.08, 145.34, NULL);
INSERT INTO dvd.orders VALUES (11548, '2017-12-05', 19294, 94.31, 7.78, 102.09, NULL);
INSERT INTO dvd.orders VALUES (11610, '2017-12-25', 5386, 45.97, 3.79, 49.76, NULL);
INSERT INTO dvd.orders VALUES (11661, '2017-12-26', 14431, 308.95, 25.49, 334.44, NULL);
INSERT INTO dvd.orders VALUES (11700, '2017-12-09', 7154, 88.24, 7.28, 95.52, NULL);
INSERT INTO dvd.orders VALUES (11726, '2017-12-08', 15206, 124.04, 10.23, 134.27, NULL);
INSERT INTO dvd.orders VALUES (11746, '2017-12-20', 16531, 25.69, 2.12, 27.81, NULL);
INSERT INTO dvd.orders VALUES (11764, '2017-12-03', 6584, 133.11, 10.98, 144.09, NULL);
INSERT INTO dvd.orders VALUES (11771, '2017-12-23', 15023, 40.01, 3.30, 43.31, NULL);
INSERT INTO dvd.orders VALUES (11801, '2017-12-17', 18497, 251.35, 20.74, 272.09, NULL);
INSERT INTO dvd.orders VALUES (11830, '2017-12-07', 9372, 65.04, 5.37, 70.41, NULL);
INSERT INTO dvd.orders VALUES (11877, '2017-12-02', 17297, 285.43, 23.55, 308.98, NULL);
INSERT INTO dvd.orders VALUES (11880, '2017-12-27', 17300, 191.02, 15.76, 206.78, NULL);
INSERT INTO dvd.orders VALUES (11891, '2017-12-10', 6076, 340.98, 28.13, 369.11, NULL);
INSERT INTO dvd.orders VALUES (11895, '2017-12-26', 9163, 128.96, 10.64, 139.60, NULL);
INSERT INTO dvd.orders VALUES (11905, '2017-12-20', 4012, 60.65, 5.00, 65.65, NULL);
INSERT INTO dvd.orders VALUES (11916, '2017-12-29', 2687, 111.57, 9.20, 120.77, NULL);
INSERT INTO dvd.orders VALUES (11917, '2017-12-28', 589, 247.28, 20.40, 267.68, NULL);
INSERT INTO dvd.orders VALUES (11918, '2017-12-31', 10100, 344.92, 28.46, 373.38, NULL);


INSERT INTO dvd.products VALUES (10010, 8, 'ACADEMY ALI', 'TIM WASHINGTON', 24.98, NULL, NULL, '(63615792-0eb6-4c32-abe6-fea9ae1de6b0,cac06b43-e05b-408b-837b-4cb69a14720c,work,"2018-04-13 16:53:48.096511+03",,,,"[0:0]={""(\\""2018-04-13 16:53:48.096511+03\\"",postgres,created,)""}")');
INSERT INTO dvd.products VALUES (41, 11, 'ACADEMY ARSENIC', 'JOE HUSTON', 15.99, 0, 1826, '(3939cdc2-a1d8-4f81-9085-8010fcfe257c,3939cdc2-a1d8-4f81-9085-8010fcfe257c,document,"2018-04-13 12:52:07.391891+03",3b7479c2-50d2-71c9-6445-cc9a7bc4382e,"2018-04-13 15:00:39.577298+03",,"[0:2]={""(\\""2018-04-13 12:52:07.391891+03\\"",postgres,created,)"",""(\\""2018-04-13 15:00:23.219915+03\\"",postgres,agreed,--)"",""(\\""2018-04-13 15:00:39.577298+03\\"",postgres,approved,--)""}")');
INSERT INTO dvd.products VALUES (28, 1, 'ACADEMY ANTHEM', 'ZERO CHASE', 13.99, 0, 1255, '(412605d6-d9f9-4c44-bfde-e13db20b8339,412605d6-d9f9-4c44-bfde-e13db20b8339,document,"2018-04-13 12:52:07.391891+03",d3968a48-145a-84eb-3c5b-2929f6d6dc99,"2018-04-13 15:00:39.577298+03",,"[0:2]={""(\\""2018-04-13 12:52:07.391891+03\\"",postgres,created,)"",""(\\""2018-04-13 15:00:23.219915+03\\"",postgres,agreed,--)"",""(\\""2018-04-13 15:00:39.577298+03\\"",postgres,approved,--)""}")');
INSERT INTO dvd.products VALUES (35, 11, 'ACADEMY ARACHNOPHOBIA', 'CHRIS JOHANSSON', 26.99, 0, 770, '(4da2f14e-b128-46ad-86a7-527162b54a2b,4da2f14e-b128-46ad-86a7-527162b54a2b,document,"2018-04-13 12:52:07.391891+03",36eb11d6-2b4a-9566-6fc0-be42a6a395ac,"2018-04-13 15:00:39.577298+03",,"[0:2]={""(\\""2018-04-13 12:52:07.391891+03\\"",postgres,created,)"",""(\\""2018-04-13 15:00:23.219915+03\\"",postgres,agreed,--)"",""(\\""2018-04-13 15:00:39.577298+03\\"",postgres,approved,--)""}")');
INSERT INTO dvd.products VALUES (30, 10, 'ACADEMY ANYTHING', 'CHRIS CRONYN', 17.99, 0, 8197, '(5b509cf2-a05c-463e-8a83-f91ee09e5486,5b509cf2-a05c-463e-8a83-f91ee09e5486,document,"2018-04-13 12:52:07.391891+03",1db6eef3-d5d7-564f-103a-91bb4341e51a,"2018-04-13 15:00:39.577298+03",,"[0:2]={""(\\""2018-04-13 12:52:07.391891+03\\"",postgres,created,)"",""(\\""2018-04-13 15:00:23.219915+03\\"",postgres,agreed,--)"",""(\\""2018-04-13 15:00:39.577298+03\\"",postgres,approved,--)""}")');
INSERT INTO dvd.products VALUES (36, 11, 'ACADEMY ARGONAUTS', 'LUCILLE DENIRO', 13.99, 0, 3169, '(5c8c118c-bdeb-413f-ba25-2ca475ada672,5c8c118c-bdeb-413f-ba25-2ca475ada672,document,"2018-04-13 12:52:07.391891+03",ffe156bb-fb0b-08d6-31eb-b5efa380df3d,"2018-04-13 15:00:39.577298+03",,"[0:2]={""(\\""2018-04-13 12:52:07.391891+03\\"",postgres,created,)"",""(\\""2018-04-13 15:00:23.219915+03\\"",postgres,agreed,--)"",""(\\""2018-04-13 15:00:39.577298+03\\"",postgres,approved,--)""}")');
INSERT INTO dvd.products VALUES (13, 8, 'ACADEMY ALI', 'TIM WASHINGTON', 24.99, 0, 7386, '(63615792-0eb6-4c32-abe6-fea9ae1de6b0,63615792-0eb6-4c32-abe6-fea9ae1de6b0,document,"2018-04-13 12:52:07.391891+03",5c6fa551-a9f2-6269-c879-5b4403e6423b,"2018-04-13 15:00:39.577298+03",,"[0:2]={""(\\""2018-04-13 12:52:07.391891+03\\"",postgres,created,)"",""(\\""2018-04-13 15:00:23.219915+03\\"",postgres,agreed,--)"",""(\\""2018-04-13 15:00:39.577298+03\\"",postgres,approved,--)""}")');
INSERT INTO dvd.products VALUES (39, 8, 'ACADEMY ARMAGEDDON', 'UMA MALDEN', 18.99, 0, 8477, '(72dc0c39-5b1a-46d4-b9d1-d0267748151c,72dc0c39-5b1a-46d4-b9d1-d0267748151c,document,"2018-04-13 12:52:07.391891+03",4aa11c0f-2baf-e5f3-754f-9046f8128235,"2018-04-13 15:00:39.577298+03",,"[0:2]={""(\\""2018-04-13 12:52:07.391891+03\\"",postgres,created,)"",""(\\""2018-04-13 15:00:23.219915+03\\"",postgres,agreed,--)"",""(\\""2018-04-13 15:00:39.577298+03\\"",postgres,approved,--)""}")');
INSERT INTO dvd.products VALUES (43, 6, 'ACADEMY ATLANTIS', 'LIAM CRONYN', 22.99, 0, 3284, '(77078f01-f0fb-44aa-9926-a1dd14ff0ddd,77078f01-f0fb-44aa-9926-a1dd14ff0ddd,document,"2018-04-13 12:52:07.391891+03",0635f168-2f32-efc0-bbd8-e141c832164b,"2018-04-13 15:00:39.577298+03",,"[0:2]={""(\\""2018-04-13 12:52:07.391891+03\\"",postgres,created,)"",""(\\""2018-04-13 15:00:23.219915+03\\"",postgres,agreed,--)"",""(\\""2018-04-13 15:00:39.577298+03\\"",postgres,approved,--)""}")');
INSERT INTO dvd.products VALUES (8, 7, 'ACADEMY AIRPORT', 'FARRAH TOMEI', 16.99, 0, 9191, '(7dbd1ad7-33dd-46a3-ae21-dc01ef870a38,7dbd1ad7-33dd-46a3-ae21-dc01ef870a38,document,"2018-04-13 12:52:07.391891+03",67ef50c1-d5a4-517a-95a0-70d57a18259b,"2018-04-13 15:00:39.577298+03",,"[0:2]={""(\\""2018-04-13 12:52:07.391891+03\\"",postgres,created,)"",""(\\""2018-04-13 15:00:23.219915+03\\"",postgres,agreed,--)"",""(\\""2018-04-13 15:00:39.577298+03\\"",postgres,approved,--)""}")');
INSERT INTO dvd.products VALUES (24, 3, 'ACADEMY ANALYZE', 'AUDREY POITIER', 28.99, 0, 5216, '(80206901-7be5-4081-90d5-0c8816c202d2,80206901-7be5-4081-90d5-0c8816c202d2,document,"2018-04-13 12:52:07.391891+03",05342ba3-6976-635b-1289-498cb722998a,"2018-04-13 15:00:39.577298+03",,"[0:2]={""(\\""2018-04-13 12:52:07.391891+03\\"",postgres,created,)"",""(\\""2018-04-13 15:00:23.219915+03\\"",postgres,agreed,--)"",""(\\""2018-04-13 15:00:39.577298+03\\"",postgres,approved,--)""}")');
INSERT INTO dvd.products VALUES (23, 10, 'ACADEMY ANACONDA', 'CHARLTON DENCH', 24.99, 0, 7935, '(80779a6c-e923-45a2-8e6e-8f1861dd9e8e,80779a6c-e923-45a2-8e6e-8f1861dd9e8e,document,"2018-04-13 12:52:07.391891+03",404d5eec-6ca2-7b3c-f9be-ed333739affc,"2018-04-13 15:00:39.577298+03",,"[0:2]={""(\\""2018-04-13 12:52:07.391891+03\\"",postgres,created,)"",""(\\""2018-04-13 15:00:23.219915+03\\"",postgres,agreed,--)"",""(\\""2018-04-13 15:00:39.577298+03\\"",postgres,approved,--)""}")');
INSERT INTO dvd.products VALUES (46, 2, 'ACADEMY AUTUMN', 'LAURA GARCIA', 21.99, 0, 2888, '(810bec9c-a5f4-42c3-a36b-d2828c821386,810bec9c-a5f4-42c3-a36b-d2828c821386,document,"2018-04-13 12:52:07.391891+03",69a7c424-177e-c045-6272-4ff51475c709,"2018-04-13 15:00:39.577298+03",,"[0:2]={""(\\""2018-04-13 12:52:07.391891+03\\"",postgres,created,)"",""(\\""2018-04-13 15:00:23.219915+03\\"",postgres,agreed,--)"",""(\\""2018-04-13 15:00:39.577298+03\\"",postgres,approved,--)""}")');
INSERT INTO dvd.products VALUES (26, 11, 'ACADEMY ANNIE', 'BOB PRESLEY', 11.99, 0, 783, '(8d13f48b-0d86-4d9c-9948-866a8e577301,8d13f48b-0d86-4d9c-9948-866a8e577301,document,"2018-04-13 12:52:07.391891+03",9f5c7a0d-1c33-cde4-1069-f0c1a3a59b36,"2018-04-13 15:00:39.577298+03",,"[0:2]={""(\\""2018-04-13 12:52:07.391891+03\\"",postgres,created,)"",""(\\""2018-04-13 15:00:23.219915+03\\"",postgres,agreed,--)"",""(\\""2018-04-13 15:00:39.577298+03\\"",postgres,approved,--)""}")');
INSERT INTO dvd.products VALUES (19, 10, 'ACADEMY AMADEUS', 'RALPH DREYFUSS', 15.99, 0, 2262, '(b39849c4-1503-4341-945e-3eb300aac651,b39849c4-1503-4341-945e-3eb300aac651,document,"2018-04-13 12:52:07.391891+03",7f22ac10-8ef3-460b-80fe-a83963724860,"2018-04-13 15:00:39.577298+03",,"[0:2]={""(\\""2018-04-13 12:52:07.391891+03\\"",postgres,created,)"",""(\\""2018-04-13 15:00:23.219915+03\\"",postgres,agreed,--)"",""(\\""2018-04-13 15:00:39.577298+03\\"",postgres,approved,--)""}")');
INSERT INTO dvd.products VALUES (27, 2, 'ACADEMY ANONYMOUS', 'JESSICA DAFOE', 26.99, 0, 7556, '(b45757be-7111-42c4-8dfc-7ecdf17ed793,b45757be-7111-42c4-8dfc-7ecdf17ed793,document,"2018-04-13 12:52:07.391891+03",43965fd1-6b73-dd14-a58a-0f636717d43e,"2018-04-13 15:00:39.577298+03",,"[0:2]={""(\\""2018-04-13 12:52:07.391891+03\\"",postgres,created,)"",""(\\""2018-04-13 15:00:23.219915+03\\"",postgres,agreed,--)"",""(\\""2018-04-13 15:00:39.577298+03\\"",postgres,approved,--)""}")');
INSERT INTO dvd.products VALUES (16, 16, 'ACADEMY ALLEY', 'MARLON LUGOSI', 27.99, 0, 9240, '(c2604c8f-206e-47e8-8c6c-71e5fc27b9db,c2604c8f-206e-47e8-8c6c-71e5fc27b9db,document,"2018-04-13 12:52:07.391891+03",1ff42255-6538-d9ac-56e5-01823825237c,"2018-04-13 15:00:39.577298+03",,"[0:2]={""(\\""2018-04-13 12:52:07.391891+03\\"",postgres,created,)"",""(\\""2018-04-13 15:00:23.219915+03\\"",postgres,agreed,--)"",""(\\""2018-04-13 15:00:39.577298+03\\"",postgres,approved,--)""}")');
INSERT INTO dvd.products VALUES (33, 12, 'ACADEMY APOLLO', 'ANDY MCGREGOR', 24.99, 0, 9254, '(c57efac8-a4ec-434e-94c3-ea33bcacbd55,c57efac8-a4ec-434e-94c3-ea33bcacbd55,document,"2018-04-13 12:52:07.391891+03",969060a1-7ebe-3646-60a1-6522e5223bea,"2018-04-13 15:00:39.577298+03",,"[0:2]={""(\\""2018-04-13 12:52:07.391891+03\\"",postgres,created,)"",""(\\""2018-04-13 15:00:23.219915+03\\"",postgres,agreed,--)"",""(\\""2018-04-13 15:00:39.577298+03\\"",postgres,approved,--)""}")');
INSERT INTO dvd.products VALUES (50, 16, 'ACADEMY BAKED', 'SALMA VOIGHT', 13.99, 0, 5481, '(c7934bf7-9b99-491a-b362-846e405cdda3,c7934bf7-9b99-491a-b362-846e405cdda3,document,"2018-04-13 12:52:07.391891+03",d3f562b5-c5b5-d039-c5a1-61e133c9c9a2,"2018-04-13 15:00:39.577298+03",,"[0:2]={""(\\""2018-04-13 12:52:07.391891+03\\"",postgres,created,)"",""(\\""2018-04-13 15:00:23.219915+03\\"",postgres,agreed,--)"",""(\\""2018-04-13 15:00:39.577298+03\\"",postgres,approved,--)""}")');
INSERT INTO dvd.products VALUES (40, 7, 'ACADEMY ARMY', 'GREG AFFLECK', 21.99, 0, 2339, '(c943a662-6cfd-4cb0-b151-2f22b73d9981,c943a662-6cfd-4cb0-b151-2f22b73d9981,document,"2018-04-13 12:52:07.391891+03",99be0691-801c-ba89-a5a3-a411cef88a5a,"2018-04-13 15:00:39.577298+03",,"[0:2]={""(\\""2018-04-13 12:52:07.391891+03\\"",postgres,created,)"",""(\\""2018-04-13 15:00:23.219915+03\\"",postgres,agreed,--)"",""(\\""2018-04-13 15:00:39.577298+03\\"",postgres,approved,--)""}")');
INSERT INTO dvd.products VALUES (32, 9, 'ACADEMY APOCALYPSE', 'FRED PRESLEY', 29.99, 0, 8777, '(d04f7f55-da44-4eb0-a6b5-cdf48c42d912,d04f7f55-da44-4eb0-a6b5-cdf48c42d912,document,"2018-04-13 12:52:07.391891+03",bf7615e8-f82c-d38c-e2b7-86f0e0b1291f,"2018-04-13 15:00:39.577298+03",,"[0:2]={""(\\""2018-04-13 12:52:07.391891+03\\"",postgres,created,)"",""(\\""2018-04-13 15:00:23.219915+03\\"",postgres,agreed,--)"",""(\\""2018-04-13 15:00:39.577298+03\\"",postgres,approved,--)""}")');
INSERT INTO dvd.products VALUES (17, 7, 'ACADEMY ALONE', 'MEL SILVERSTONE', 28.99, 0, 2159, '(64324a14-9ed2-4287-a6ca-99bdabbc2098,64324a14-9ed2-4287-a6ca-99bdabbc2098,document,"2018-04-13 12:52:07.391891+03",811e5fba-6f0e-4757-b5d9-108161a673ed,"2018-04-13 15:00:39.577298+03",,"[0:2]={""(\\""2018-04-13 12:52:07.391891+03\\"",postgres,created,)"",""(\\""2018-04-13 15:00:23.219915+03\\"",postgres,agreed,--)"",""(\\""2018-04-13 15:00:39.577298+03\\"",postgres,approved,--)""}")');
INSERT INTO dvd.products VALUES (49, 13, 'ACADEMY BADMAN', 'CARMEN OLIVIER', 23.99, 0, 7743, '(66464f88-b91b-4675-aae0-5add9e32cf50,66464f88-b91b-4675-aae0-5add9e32cf50,document,"2018-04-13 12:52:07.391891+03",9be8e604-b69e-7f3d-928b-ea6dfa0a8a4b,"2018-04-13 15:00:39.577298+03",,"[0:2]={""(\\""2018-04-13 12:52:07.391891+03\\"",postgres,created,)"",""(\\""2018-04-13 15:00:23.219915+03\\"",postgres,agreed,--)"",""(\\""2018-04-13 15:00:39.577298+03\\"",postgres,approved,--)""}")');
INSERT INTO dvd.products VALUES (48, 14, 'ACADEMY BACKLASH', 'CUBA FONDA', 18.99, 0, 9190, '(70df3bf5-9c8b-4a15-8a85-6bcfb53a3c28,70df3bf5-9c8b-4a15-8a85-6bcfb53a3c28,document,"2018-04-13 12:52:07.391891+03",d651b337-d192-2da1-8c12-1fac86de34e4,"2018-04-13 15:00:39.577298+03",,"[0:2]={""(\\""2018-04-13 12:52:07.391891+03\\"",postgres,created,)"",""(\\""2018-04-13 15:00:23.219915+03\\"",postgres,agreed,--)"",""(\\""2018-04-13 15:00:39.577298+03\\"",postgres,approved,--)""}")');
INSERT INTO dvd.products VALUES (44, 12, 'ACADEMY ATTACKS', 'SYLVESTER DAFOE', 23.99, 0, 2573, '(721c765a-9006-4aa9-b7d9-f0fda737ea0a,721c765a-9006-4aa9-b7d9-f0fda737ea0a,document,"2018-04-13 12:52:07.391891+03",e09828b6-f680-ee70-b37f-25c3c4651b09,"2018-04-13 15:00:39.577298+03",,"[0:2]={""(\\""2018-04-13 12:52:07.391891+03\\"",postgres,created,)"",""(\\""2018-04-13 15:00:23.219915+03\\"",postgres,agreed,--)"",""(\\""2018-04-13 15:00:39.577298+03\\"",postgres,approved,--)""}")');
INSERT INTO dvd.products VALUES (45, 9, 'ACADEMY ATTRACTION', 'ELVIS BLANCHETT', 27.99, 0, 938, '(9e3ca162-828e-4d12-892c-fdd93db73d49,9e3ca162-828e-4d12-892c-fdd93db73d49,document,"2018-04-13 12:52:07.391891+03",7ee46700-6952-6fa0-adfb-378018baa907,"2018-04-13 15:00:39.577298+03",,"[0:2]={""(\\""2018-04-13 12:52:07.391891+03\\"",postgres,created,)"",""(\\""2018-04-13 15:00:23.219915+03\\"",postgres,agreed,--)"",""(\\""2018-04-13 15:00:39.577298+03\\"",postgres,approved,--)""}")');
INSERT INTO dvd.products VALUES (21, 2, 'ACADEMY AMERICAN', 'JON BULLOCK', 24.99, 0, 9351, '(a913a919-7bf6-4337-9c51-ac080c70c76a,a913a919-7bf6-4337-9c51-ac080c70c76a,document,"2018-04-13 12:52:07.391891+03",acfe9396-3766-5e31-a941-8aab47c5714d,"2018-04-13 15:00:39.577298+03",,"[0:2]={""(\\""2018-04-13 12:52:07.391891+03\\"",postgres,created,)"",""(\\""2018-04-13 15:00:23.219915+03\\"",postgres,agreed,--)"",""(\\""2018-04-13 15:00:39.577298+03\\"",postgres,approved,--)""}")');
INSERT INTO dvd.products VALUES (34, 14, 'ACADEMY ARABIA', 'WILLEM SORVINO', 24.99, 0, 9836, '(d2a0554a-4c46-4f69-84fc-456ce1e6e511,d2a0554a-4c46-4f69-84fc-456ce1e6e511,document,"2018-04-13 12:52:07.391891+03",ed63d041-bb40-130c-302e-5473bd73bb33,"2018-04-13 15:00:39.577298+03",,"[0:2]={""(\\""2018-04-13 12:52:07.391891+03\\"",postgres,created,)"",""(\\""2018-04-13 15:00:23.219915+03\\"",postgres,agreed,--)"",""(\\""2018-04-13 15:00:39.577298+03\\"",postgres,approved,--)""}")');
INSERT INTO dvd.products VALUES (18, 16, 'ACADEMY ALTER', 'CHARLIZE WAHLBERG', 27.99, 0, 4320, '(d3ec2411-fc70-4142-a751-6c78c9a48579,d3ec2411-fc70-4142-a751-6c78c9a48579,document,"2018-04-13 12:52:07.391891+03",9f0b8466-7140-c0e0-f2e1-d61a3158dc39,"2018-04-13 15:00:39.577298+03",,"[0:2]={""(\\""2018-04-13 12:52:07.391891+03\\"",postgres,created,)"",""(\\""2018-04-13 15:00:23.219915+03\\"",postgres,agreed,--)"",""(\\""2018-04-13 15:00:39.577298+03\\"",postgres,approved,--)""}")');
INSERT INTO dvd.products VALUES (7, 8, 'ACADEMY AIRPLANE', 'FRANCES WINFREY', 25.99, 0, 7700, '(d6defc58-455f-44cc-a230-adf9fa284519,d6defc58-455f-44cc-a230-adf9fa284519,document,"2018-04-13 12:52:07.391891+03",b45aa9c9-bd1c-21fd-0f70-5d5975c85817,"2018-04-13 15:00:39.577298+03",,"[0:2]={""(\\""2018-04-13 12:52:07.391891+03\\"",postgres,created,)"",""(\\""2018-04-13 15:00:23.219915+03\\"",postgres,agreed,--)"",""(\\""2018-04-13 15:00:39.577298+03\\"",postgres,approved,--)""}")');
INSERT INTO dvd.products VALUES (29, 16, 'ACADEMY ANTITRUST', 'SCARLETT BASINGER', 10.99, 0, 9231, '(d70b6f37-693c-4aa1-ae80-d807766ab67b,d70b6f37-693c-4aa1-ae80-d807766ab67b,document,"2018-04-13 12:52:07.391891+03",eeeaebf6-d7cc-240a-2df7-08293a190510,"2018-04-13 15:00:39.577298+03",,"[0:2]={""(\\""2018-04-13 12:52:07.391891+03\\"",postgres,created,)"",""(\\""2018-04-13 15:00:23.219915+03\\"",postgres,agreed,--)"",""(\\""2018-04-13 15:00:39.577298+03\\"",postgres,approved,--)""}")');
INSERT INTO dvd.products VALUES (10, 15, 'ACADEMY ALADDIN', 'ANNETTE FREEMAN', 9.99, 0, 631, '(de1334c4-7da7-47ee-8603-30a99e3f80b6,de1334c4-7da7-47ee-8603-30a99e3f80b6,document,"2018-04-13 12:52:07.391891+03",0d3d9a12-2a27-c334-360a-6cdbc7b75c8c,"2018-04-13 15:00:39.577298+03",,"[0:2]={""(\\""2018-04-13 12:52:07.391891+03\\"",postgres,created,)"",""(\\""2018-04-13 15:00:23.219915+03\\"",postgres,agreed,--)"",""(\\""2018-04-13 15:00:39.577298+03\\"",postgres,approved,--)""}")');
INSERT INTO dvd.products VALUES (38, 9, 'ACADEMY ARK', 'FARRAH WINFREY', 20.99, 0, 1133, '(e0057ebe-7e92-411c-b358-50ddf5f830e6,e0057ebe-7e92-411c-b358-50ddf5f830e6,document,"2018-04-13 12:52:07.391891+03",d798c2cf-d2f0-782f-0593-6da25ad45b1f,"2018-04-13 15:00:39.577298+03",,"[0:2]={""(\\""2018-04-13 12:52:07.391891+03\\"",postgres,created,)"",""(\\""2018-04-13 15:00:23.219915+03\\"",postgres,agreed,--)"",""(\\""2018-04-13 15:00:39.577298+03\\"",postgres,approved,--)""}")');
INSERT INTO dvd.products VALUES (47, 13, 'ACADEMY BABY', 'GLENN DRIVER', 12.99, 0, 36, '(e26ccad1-59a3-4af1-bba0-f7f9b860fe4c,e26ccad1-59a3-4af1-bba0-f7f9b860fe4c,document,"2018-04-13 12:52:07.391891+03",aeb7401a-2444-ee1d-96c1-069de8340bbd,"2018-04-13 15:00:39.577298+03",,"[0:2]={""(\\""2018-04-13 12:52:07.391891+03\\"",postgres,created,)"",""(\\""2018-04-13 15:00:23.219915+03\\"",postgres,agreed,--)"",""(\\""2018-04-13 15:00:39.577298+03\\"",postgres,approved,--)""}")');
INSERT INTO dvd.products VALUES (25, 3, 'ACADEMY ANGELS', 'REESE DENCH', 24.99, 0, 9675, '(e5d5ae74-b3f0-4b98-b2b9-c048ee238b4a,e5d5ae74-b3f0-4b98-b2b9-c048ee238b4a,document,"2018-04-13 12:52:07.391891+03",6bf05d22-2fb9-d939-30f4-37ac61a56452,"2018-04-13 15:00:39.577298+03",,"[0:2]={""(\\""2018-04-13 12:52:07.391891+03\\"",postgres,created,)"",""(\\""2018-04-13 15:00:23.219915+03\\"",postgres,agreed,--)"",""(\\""2018-04-13 15:00:39.577298+03\\"",postgres,approved,--)""}")');
INSERT INTO dvd.products VALUES (14, 11, 'ACADEMY ALICE', 'MENA GABLE', 12.99, 0, 8801, '(e5f3c717-273d-450e-8d06-e5b60b43394c,e5f3c717-273d-450e-8d06-e5b60b43394c,document,"2018-04-13 12:52:07.391891+03",0b7fb5b4-ec59-51c7-2262-b2c2217d6e44,"2018-04-13 15:00:39.577298+03",,"[0:2]={""(\\""2018-04-13 12:52:07.391891+03\\"",postgres,created,)"",""(\\""2018-04-13 15:00:23.219915+03\\"",postgres,agreed,--)"",""(\\""2018-04-13 15:00:39.577298+03\\"",postgres,approved,--)""}")');
INSERT INTO dvd.products VALUES (15, 14, 'ACADEMY ALIEN', 'DORIS FONDA', 27.99, 0, 6867, '(f4296644-9dd8-4da7-acae-63c6a9fa0b27,f4296644-9dd8-4da7-acae-63c6a9fa0b27,document,"2018-04-13 12:52:07.391891+03",e5d3619e-c3c1-54d1-185e-388481b2d16c,"2018-04-13 15:00:39.577298+03",,"[0:2]={""(\\""2018-04-13 12:52:07.391891+03\\"",postgres,created,)"",""(\\""2018-04-13 15:00:23.219915+03\\"",postgres,agreed,--)"",""(\\""2018-04-13 15:00:39.577298+03\\"",postgres,approved,--)""}")');
INSERT INTO dvd.products VALUES (11, 4, 'ACADEMY ALAMO', 'SOPHIA WINFREY', 26.99, 0, 5398, '(fbf3441c-1613-42de-a505-453dc5e0b358,fbf3441c-1613-42de-a505-453dc5e0b358,document,"2018-04-13 12:52:07.391891+03",3cc01829-b1e1-4f3c-85a7-11e0bfc29515,"2018-04-13 15:00:39.577298+03",,"[0:2]={""(\\""2018-04-13 12:52:07.391891+03\\"",postgres,created,)"",""(\\""2018-04-13 15:00:23.219915+03\\"",postgres,agreed,--)"",""(\\""2018-04-13 15:00:39.577298+03\\"",postgres,approved,--)""}")');
INSERT INTO dvd.products VALUES (12, 7, 'ACADEMY ALASKA', 'JUDY REYNOLDS', 23.99, 0, 393, '(0defef23-a1c0-43fc-9784-3502a42cbc08,0defef23-a1c0-43fc-9784-3502a42cbc08,document,"2018-04-13 12:52:07.391891+03",6eed2ce2-8541-f5d5-4a8a-d6b956c14fff,"2018-04-13 15:00:39.577298+03",,"[0:2]={""(\\""2018-04-13 12:52:07.391891+03\\"",postgres,created,)"",""(\\""2018-04-13 15:00:23.219915+03\\"",postgres,agreed,--)"",""(\\""2018-04-13 15:00:39.577298+03\\"",postgres,approved,--)""}")');
INSERT INTO dvd.products VALUES (22, 11, 'ACADEMY AMISTAD', 'NICOLE GOODING', 16.99, 0, 2323, '(128fa325-4f63-4bad-ab21-08f6aa0236c2,128fa325-4f63-4bad-ab21-08f6aa0236c2,document,"2018-04-13 12:52:07.391891+03",04e6047f-bee7-99d5-8ec4-300d12e075ae,"2018-04-13 15:00:39.577298+03",,"[0:2]={""(\\""2018-04-13 12:52:07.391891+03\\"",postgres,created,)"",""(\\""2018-04-13 15:00:23.219915+03\\"",postgres,agreed,--)"",""(\\""2018-04-13 15:00:39.577298+03\\"",postgres,approved,--)""}")');
INSERT INTO dvd.products VALUES (20, 4, 'ACADEMY AMELIE', 'KIM DOUGLAS', 17.99, 0, 9069, '(15655223-74e4-4ce9-b774-515fd2d67728,15655223-74e4-4ce9-b774-515fd2d67728,document,"2018-04-13 12:52:07.391891+03",a40d5ba7-5ee5-e17e-98ad-bce0b26ce248,"2018-04-13 15:00:39.577298+03",,"[0:2]={""(\\""2018-04-13 12:52:07.391891+03\\"",postgres,created,)"",""(\\""2018-04-13 15:00:23.219915+03\\"",postgres,agreed,--)"",""(\\""2018-04-13 15:00:39.577298+03\\"",postgres,approved,--)""}")');
INSERT INTO dvd.products VALUES (37, 6, 'ACADEMY ARIZONA', 'AUDREY DEE', 22.99, 0, 6512, '(0f75167a-08ae-4030-9708-bc9a81821a5f,0f75167a-08ae-4030-9708-bc9a81821a5f,document,"2018-04-13 12:52:07.391891+03",dd41ab26-12ab-b55f-85f2-8de13b6dca22,"2018-04-13 15:00:39.577298+03",,"[0:2]={""(\\""2018-04-13 12:52:07.391891+03\\"",postgres,created,)"",""(\\""2018-04-13 15:00:23.219915+03\\"",postgres,agreed,--)"",""(\\""2018-04-13 15:00:39.577298+03\\"",postgres,approved,--)""}")');
INSERT INTO dvd.products VALUES (31, 6, 'ACADEMY APACHE', 'LAURA LANCASTER', 18.99, 0, 997, '(2362209b-7cdd-450b-bfce-a9b7c9c3c24a,2362209b-7cdd-450b-bfce-a9b7c9c3c24a,document,"2018-04-13 12:52:07.391891+03",42e034a5-1252-041b-d552-5d64393199f4,"2018-04-13 15:00:39.577298+03",,"[0:2]={""(\\""2018-04-13 12:52:07.391891+03\\"",postgres,created,)"",""(\\""2018-04-13 15:00:23.219915+03\\"",postgres,agreed,--)"",""(\\""2018-04-13 15:00:39.577298+03\\"",postgres,approved,--)""}")');
INSERT INTO dvd.products VALUES (42, 10, 'ACADEMY ARTIST', 'IAN BALL', 23.99, 0, 6377, '(38670950-1516-4491-a221-f00d456dea83,38670950-1516-4491-a221-f00d456dea83,document,"2018-04-13 12:52:07.391891+03",4c797089-99db-1766-cd99-dcb21e927ff5,"2018-04-13 15:00:39.577298+03",,"[0:2]={""(\\""2018-04-13 12:52:07.391891+03\\"",postgres,created,)"",""(\\""2018-04-13 15:00:23.219915+03\\"",postgres,agreed,--)"",""(\\""2018-04-13 15:00:39.577298+03\\"",postgres,approved,--)""}")');
INSERT INTO dvd.products VALUES (9, 2, 'ACADEMY ALABAMA', 'JULIETTE WEAVER', 10099.99, 0, 6633, '(3195bdb9-74bc-4632-a6fc-53203e07d1d5,3195bdb9-74bc-4632-a6fc-53203e07d1d5,document,"2018-04-13 12:52:07.391891+03",c1fc3ed2-6c23-cfc0-b708-1195634b4e6a,"2018-04-13 15:00:39.577298+03",,"[0:2]={""(\\""2018-04-13 12:52:07.391891+03\\"",postgres,created,)"",""(\\""2018-04-13 15:00:23.219915+03\\"",postgres,agreed,--)"",""(\\""2018-04-13 15:00:39.577298+03\\"",postgres,approved,--)""}")');
INSERT INTO dvd.products VALUES (1, 1, 'ACADEMY ACADEMY', 'PENELOPE GUINESS', 24999.99, 0, 1976, '(46d73f30-ada9-42ba-b0bd-0ac5c120584f,46d73f30-ada9-42ba-b0bd-0ac5c120584f,document,"2018-04-13 12:52:07.391891+03",37a71284-3941-c1a6-a35c-d21942918a77,"2018-04-13 15:00:39.577298+03",,"[0:2]={""(\\""2018-04-13 12:52:07.391891+03\\"",postgres,created,)"",""(\\""2018-04-13 15:00:23.219915+03\\"",postgres,agreed,--)"",""(\\""2018-04-13 15:00:39.577298+03\\"",postgres,approved,--)""}")');
INSERT INTO dvd.products VALUES (6, 9, 'ACADEMY AGENT', 'LISA SPACEK', 1499.99, 0, 5243, '(a53520e1-cdbd-46c1-83ae-37e78bbb2a38,a53520e1-cdbd-46c1-83ae-37e78bbb2a38,document,"2018-04-13 12:52:07.391891+03",645f9944-dd10-6983-88be-8be6e51130a8,"2018-04-13 15:00:39.577298+03",,"[0:2]={""(\\""2018-04-13 12:52:07.391891+03\\"",postgres,created,)"",""(\\""2018-04-13 15:00:23.219915+03\\"",postgres,agreed,--)"",""(\\""2018-04-13 15:00:39.577298+03\\"",postgres,approved,--)""}")');
INSERT INTO dvd.products VALUES (5, 34, 'ACADEMY AFRICAN', 'CARRIE HANNAH', 11.99, 1, 2183, '(c82b4bc9-961a-4063-949a-60d9ebdfb5b1,c82b4bc9-961a-4063-949a-60d9ebdfb5b1,document,"2018-04-13 12:52:07.391891+03",61434fa0-5192-2607-248d-18d8c285751b,"2018-04-13 15:00:39.577298+03",,"[0:2]={""(\\""2018-04-13 12:52:07.391891+03\\"",postgres,created,)"",""(\\""2018-04-13 15:00:23.219915+03\\"",postgres,agreed,--)"",""(\\""2018-04-13 15:00:39.577298+03\\"",postgres,approved,--)""}")');
INSERT INTO dvd.products VALUES (4, 13, 'ACADEMY AFFAIR', 'ALAN MARX', 14.99, 0, 8042, '(289fb9c6-a053-4d3c-8fde-27555c06aad8,289fb9c6-a053-4d3c-8fde-27555c06aad8,document,"2018-04-13 12:52:07.391891+03",6e3fdabd-dc58-830d-ecd4-8d42bd6dc5ad,"2018-04-13 15:00:39.577298+03",,"[0:2]={""(\\""2018-04-13 12:52:07.391891+03\\"",postgres,created,)"",""(\\""2018-04-13 15:00:23.219915+03\\"",postgres,agreed,--)"",""(\\""2018-04-13 15:00:39.577298+03\\"",postgres,approved,--)""}")');
INSERT INTO dvd.products VALUES (2, 4, 'ACADEMY ACE', 'EWAN RICKMAN', 20.99, 0, 6289, '(536842bb-c07e-4caa-a1ee-7efd31a6ef08,536842bb-c07e-4caa-a1ee-7efd31a6ef08,document,"2018-04-13 12:52:07.391891+03",40b6bd35-f145-06ee-f538-3698c25f2f53,"2018-04-13 15:00:39.577298+03",,"[0:2]={""(\\""2018-04-13 12:52:07.391891+03\\"",postgres,created,)"",""(\\""2018-04-13 15:00:23.219915+03\\"",postgres,agreed,--)"",""(\\""2018-04-13 15:00:39.577298+03\\"",postgres,approved,--)""}")');
INSERT INTO dvd.products VALUES (3, 6, 'ACADEMY ADAPTATION', 'VIVIEN KAHN', 2799.99, 0, 7173, '(ef0c36ed-c0a7-4a38-a6d2-5d1f24ba38d6,ef0c36ed-c0a7-4a38-a6d2-5d1f24ba38d6,document,"2018-04-13 12:52:07.391891+03",22be9969-7f56-697c-52dc-face472a31fb,"2018-04-13 15:00:39.577298+03",,"[0:2]={""(\\""2018-04-13 12:52:07.391891+03\\"",postgres,created,)"",""(\\""2018-04-13 15:00:23.219915+03\\"",postgres,agreed,--)"",""(\\""2018-04-13 15:00:39.577298+03\\"",postgres,approved,--)""}")');



ALTER TABLE ONLY dvd.categories
    ADD CONSTRAINT categories_pkey PRIMARY KEY (category);


ALTER TABLE ONLY dvd.customers
    ADD CONSTRAINT customers_pkey PRIMARY KEY (customerid);


ALTER TABLE ONLY dvd.inventory
    ADD CONSTRAINT inventory_pkey PRIMARY KEY (prod_id);


ALTER TABLE ONLY dvd.orderlines
    ADD CONSTRAINT orderlines_pkey PRIMARY KEY (orderlinekey);

ALTER TABLE ONLY dvd.orders
    ADD CONSTRAINT orders_pkey PRIMARY KEY (orderid);

ALTER TABLE ONLY dvd.products
    ADD CONSTRAINT products_pkey PRIMARY KEY (key);


ALTER TABLE ONLY dvd.orders
    ADD CONSTRAINT fk_customerid FOREIGN KEY (customerid) REFERENCES dvd.customers(customerid) ON DELETE SET NULL;


ALTER TABLE ONLY dvd.orderlines
    ADD CONSTRAINT fk_orderid FOREIGN KEY (orderid) REFERENCES dvd.orders(orderid) ON DELETE CASCADE;


ALTER TABLE ONLY dvd.orderlines
    ADD CONSTRAINT fk_prod_key FOREIGN KEY (prod_key) REFERENCES dvd.products(key);



ALTER TABLE ONLY dvd.inventory
    ADD CONSTRAINT inventory_prod_key_fkey FOREIGN KEY (prod_key) REFERENCES dvd.products(key);


ALTER TABLE ONLY dvd.products
    ADD CONSTRAINT products_category_fkey FOREIGN KEY (category) REFERENCES dvd.categories(category);

	
	
	
INSERT INTO entity_extra VALUES ('', 'category', NULL, 'dvd.categories', 'dvd.categories', NULL);
INSERT INTO entity_extra VALUES ('', 'orderid', NULL, 'dvd.orders', 'dvd.orders', NULL);
INSERT INTO entity_extra VALUES ('', 'customerid', 0, 'dvd.customers', 'dvd.customers', NULL);
INSERT INTO entity_extra VALUES ('', 'prod_id', 0, 'dvd.inventory', 'dvd.inventory', NULL);
INSERT INTO entity_extra VALUES (' ', 'orderlinekey', 0, 'dvd.orderlines', 'dvd.orderlines', NULL);
INSERT INTO entity_extra VALUES ('', 'key', 1, 'dvd.products', 'dvd.products', NULL);



INSERT INTO menu_item VALUES ('categories', '', 'shop', 'categories', 'list', NULL, 1, NULL, NULL, NULL);
INSERT INTO menu_item VALUES ('clients', '', 'shop', 'customers', 'list', NULL, 2, NULL, NULL, NULL);
INSERT INTO menu_item VALUES ('orders', '', 'shop', 'orders', 'list', NULL, 6, NULL, NULL, NULL);
INSERT INTO menu_item VALUES ('customers-home', '', 'home', 'customers', 'list', NULL, 0, NULL, 'narrow', NULL);
INSERT INTO menu_item VALUES ('orders-home', '', 'customers-home', 'orders', 'list', NULL, 0, NULL, NULL, NULL);
INSERT INTO menu_item VALUES ('shop', ' DVD', NULL, NULL, 'list', NULL, 1, 'fa-shopping-cart ', NULL, NULL);
INSERT INTO menu_item VALUES ('products', '', 'shop', 'products', 'pgdmslist', NULL, 5, NULL, NULL, NULL);



INSERT INTO projection_entity_extra VALUES ('', 'categories', 'categories', NULL, false, 'dvd.categories', NULL);
INSERT INTO projection_entity_extra VALUES ('', 'customers_lu', 'customers', NULL, true, 'dvd.customers', NULL);
INSERT INTO projection_entity_extra VALUES ('', 'products', 'products', NULL, false, 'dvd.products', NULL);
INSERT INTO projection_entity_extra VALUES ('', 'orders', 'orders', NULL, false, 'dvd.orders', NULL);
INSERT INTO projection_entity_extra VALUES ('', 'customers', 'customers_edit', NULL, false, 'dvd.customers', '""');
INSERT INTO projection_entity_extra VALUES ('', 'inventory', 'inventory', NULL, false, 'dvd.inventory', NULL);
INSERT INTO projection_entity_extra VALUES (' ', 'orderlines', 'orderlines', NULL, false, 'dvd.orderlines', NULL);



INSERT INTO projection_property_extra VALUES ('category', '', 'ref', false, true, 'products', 'categories', 3, false, 'products.category', NULL);
INSERT INTO projection_property_extra VALUES ('address1', '', 'string', NULL, false, 'customers_lu', NULL, NULL, NULL, 'customers_lu.address1', NULL);
INSERT INTO projection_property_extra VALUES ('address2', ' ', 'string', NULL, false, 'customers_lu', NULL, NULL, NULL, 'customers_lu.address2', NULL);
INSERT INTO projection_property_extra VALUES ('age', '', 'string', NULL, false, 'customers_lu', NULL, NULL, NULL, 'customers_lu.age', NULL);
INSERT INTO projection_property_extra VALUES ('city', '', 'string', NULL, false, 'customers_lu', NULL, NULL, NULL, 'customers_lu.city', NULL);
INSERT INTO projection_property_extra VALUES ('country', '', 'string', NULL, false, 'customers_lu', NULL, NULL, NULL, 'customers_lu.country', NULL);
INSERT INTO projection_property_extra VALUES ('creditcard', ' ', 'string', NULL, false, 'customers_lu', NULL, NULL, NULL, 'customers_lu.creditcard', NULL);
INSERT INTO projection_property_extra VALUES ('creditcardexpiration', '  ', 'string', NULL, false, 'customers_lu', NULL, NULL, NULL, 'customers_lu.creditcardexpiration', NULL);
INSERT INTO projection_property_extra VALUES ('creditcardtype', ' ', 'string', NULL, false, 'customers_lu', NULL, NULL, NULL, 'customers_lu.creditcardtype', NULL);
INSERT INTO projection_property_extra VALUES ('email', ' ', 'string', NULL, false, 'customers_lu', NULL, NULL, NULL, 'customers_lu.email', NULL);
INSERT INTO projection_property_extra VALUES ('gender', '', 'string', NULL, false, 'customers_lu', NULL, NULL, NULL, 'customers_lu.gender', NULL);
INSERT INTO projection_property_extra VALUES ('lastname', '', 'string', NULL, true, 'customers_lu', NULL, 20, NULL, 'customers_lu.lastname', NULL);
INSERT INTO projection_property_extra VALUES ('firstname', '', 'string', NULL, true, 'customers_lu', NULL, 10, NULL, 'customers_lu.firstname', NULL);
INSERT INTO projection_property_extra VALUES ('special', '', 'bool', false, true, 'products', NULL, 999, false, 'products.special', NULL);
INSERT INTO projection_property_extra VALUES ('title', '', 'caption', false, true, 'products', NULL, 1, false, 'products.title', NULL);
INSERT INTO projection_property_extra VALUES ('price', '', 'string', false, true, 'products', NULL, 4, false, 'products.price', NULL);
INSERT INTO projection_property_extra VALUES ('common_prod_id', ' ', 'ref', false, false, 'products', 'products', 999, false, 'products.common_prod_id', NULL);
INSERT INTO projection_property_extra VALUES ('comment', '', 'plain', false, true, 'orders', NULL, 1100, false, 'orders.comment', NULL);
INSERT INTO projection_property_extra VALUES ('actor', '  ', 'string', false, true, 'products', NULL, 2, false, 'products.actor', NULL);
INSERT INTO projection_property_extra VALUES ('email', 'email', 'string', false, true, 'customers_edit', NULL, 16, false, 'customers_edit.email', NULL);
INSERT INTO projection_property_extra VALUES ('country', '', 'string', false, true, 'customers', NULL, 11, false, 'customers.country', NULL);
INSERT INTO projection_property_extra VALUES ('customerid', 'customerid', 'string', false, false, 'customers', NULL, 999, false, 'customers.customerid', NULL);
INSERT INTO projection_property_extra VALUES ('password', '', 'string', false, true, 'customers_edit', NULL, 999, false, 'customers_edit.password', NULL);
INSERT INTO projection_property_extra VALUES ('creditcard', ' ', 'string', false, false, 'customers', NULL, 15, false, 'customers.creditcard', NULL);
INSERT INTO projection_property_extra VALUES ('state', 'state', 'string', false, false, 'customers', NULL, 999, false, 'customers.state', NULL);
INSERT INTO projection_property_extra VALUES ('address2', 'address2', 'string', false, false, 'customers', NULL, 999, false, 'customers.address2', NULL);
INSERT INTO projection_property_extra VALUES ('password', '', 'string', false, false, 'customers', NULL, 999, false, 'customers.password', NULL);
INSERT INTO projection_property_extra VALUES ('email', 'email', 'string', false, false, 'customers', NULL, 16, false, 'customers.email', NULL);
INSERT INTO projection_property_extra VALUES ('creditcardtype', 'creditcardtype', 'string', false, false, 'customers', NULL, 999, false, 'customers.creditcardtype', NULL);
INSERT INTO projection_property_extra VALUES ('username', 'o', 'string', false, true, 'customers_edit', NULL, 4, false, 'customers_edit.username', NULL);
INSERT INTO projection_property_extra VALUES ('creditcardexpiration', '  ', 'string', false, true, 'customers_edit', NULL, 9, false, 'customers_edit.creditcardexpiration', NULL);
INSERT INTO projection_property_extra VALUES ('creditcard', ' ', 'string', false, true, 'customers_edit', NULL, 15, false, 'customers_edit.creditcard', NULL);
INSERT INTO projection_property_extra VALUES ('region', '', 'string', false, false, 'customers', NULL, 12, false, 'customers.region', NULL);
INSERT INTO projection_property_extra VALUES ('address1', '', 'string', false, false, 'customers', NULL, 3, false, 'customers.address1', NULL);
INSERT INTO projection_property_extra VALUES ('city', '', 'string', false, false, 'customers', NULL, 13, false, 'customers.city', NULL);
INSERT INTO projection_property_extra VALUES ('test', 'test', 'string', false, false, 'orders', NULL, 999, false, 'orders.test', NULL);
INSERT INTO projection_property_extra VALUES ('orderid', ' ', 'caption', true, true, 'orders', NULL, 0, false, 'orders.orderid', NULL);
INSERT INTO projection_property_extra VALUES ('orderdate', ' ', 'date', false, true, 'orders', NULL, 2, false, 'orders.orderdate', NULL);
INSERT INTO projection_property_extra VALUES ('netamount', '', 'money', false, true, 'orders', NULL, 3, false, 'orders.netamount', NULL);
INSERT INTO projection_property_extra VALUES ('orderlineid', 'orderlineid', 'string', false, false, 'orderlines', NULL, 999, false, 'orderlines.orderlineid', NULL);
INSERT INTO projection_property_extra VALUES ('totalamount', '', 'money', false, true, 'orders', NULL, 5, false, 'orders.totalamount', NULL);
INSERT INTO projection_property_extra VALUES ('quantity', '', 'string', false, true, 'orderlines', NULL, 3, false, 'orderlines.quantity', NULL);
INSERT INTO projection_property_extra VALUES ('orderdate', '', 'string', false, true, 'orderlines', NULL, 4, false, 'orderlines.orderdate', NULL);
INSERT INTO projection_property_extra VALUES ('sales', '', 'integer', false, true, 'inventory', NULL, 3, false, 'inventory.sales', NULL);
INSERT INTO projection_property_extra VALUES ('quan_in_stock', ' ', 'integer', false, true, 'inventory', NULL, 2, false, 'inventory.quan_in_stock', NULL);
INSERT INTO projection_property_extra VALUES ('orderlinekey', '', 'string', false, false, 'orderlines', NULL, 1, false, 'orderlines.orderlinekey', NULL);
INSERT INTO projection_property_extra VALUES ('orderid', '', 'ref', false, true, 'orderlines', 'orders', 1, false, 'orderlines.orderid', NULL);
INSERT INTO projection_property_extra VALUES ('age', '', 'integer', false, true, 'customers_edit', NULL, 5, false, 'customers_edit.age', NULL);
INSERT INTO projection_property_extra VALUES ('categoryname', '', 'caption', false, true, 'categories', NULL, 999, false, 'categories.categoryname', NULL);
INSERT INTO projection_property_extra VALUES ('tax', '', 'money', false, true, 'orders', NULL, 4, false, 'orders.tax', '   -       ');
INSERT INTO projection_property_extra VALUES ('phone', '', 'string', false, true, 'customers', NULL, 6, false, 'customers.phone', NULL);
INSERT INTO projection_property_extra VALUES ('customerid', '', 'ref', false, true, 'orders', 'customers', 1, false, 'orders.customerid', NULL);
INSERT INTO projection_property_extra VALUES ('creditcardexpiration', '  ', 'datetime', false, false, 'customers', NULL, 9, false, 'customers.creditcardexpiration', NULL);
INSERT INTO projection_property_extra VALUES ('lastname', '', 'caption', false, true, 'customers', NULL, 1, false, 'customers.lastname', NULL);
INSERT INTO projection_property_extra VALUES ('firstname', '', 'caption', false, true, 'customers', NULL, 2, false, 'customers.firstname', NULL);
INSERT INTO projection_property_extra VALUES ('gender', '', 'invisible', false, true, 'customers', NULL, 7, false, 'customers.gender', ' ');
INSERT INTO projection_property_extra VALUES ('username', 'o', 'invisible', false, false, 'customers', NULL, 4, false, 'customers.username', ' ');
INSERT INTO projection_property_extra VALUES ('age', ' ', 'progress', false, true, 'customers', NULL, 5, false, 'customers.age', NULL);
INSERT INTO projection_property_extra VALUES ('income', '', 'invisible', false, false, 'customers', NULL, 8, false, 'customers.income', ' ');
INSERT INTO projection_property_extra VALUES ('zip', '', 'invisible', false, false, 'customers', NULL, 10, false, 'customers.zip', ' ');
INSERT INTO projection_property_extra VALUES ('track', 'track', 'string', false, false, 'tr_map_traffic', NULL, 999, false, 'tr_map_traffic.track', NULL);
INSERT INTO projection_property_extra VALUES ('key', 'key', 'pgdid', false, true, 'products', NULL, 999, false, 'products.key', NULL);
INSERT INTO projection_property_extra VALUES ('prod_key', 'prod_key', 'pgdid_ref', false, true, 'orderlines', 'products', 999, false, 'orderlines.prod_key', NULL);
INSERT INTO projection_property_extra VALUES ('prod_key', 'prod_key', 'pgdid_ref', false, true, 'inventory', 'products', 999, false, 'inventory.prod_key', NULL);
INSERT INTO projection_property_extra VALUES ('prod_id', '', 'ref', false, false, 'orderlines', 'products', 2, false, 'orderlines.prod_id', NULL);
INSERT INTO projection_property_extra VALUES ('prod_id', '', 'ref', false, false, 'inventory', 'products', 1, false, 'inventory.prod_id', NULL);



INSERT INTO projection_relation_extra VALUES ('customers_add', false, false, 'customers_edit', 'customers_add', true, 0, NULL, 'dvd.customers_add', 'customers_edit.dvd.customers.dvd.customers_add.customerid', NULL);
INSERT INTO projection_relation_extra VALUES ('orders', false, false, 'orders', 'orders', true, 0, NULL, 'dvd.orders', 'orders.dvd.orders.dvd.orders._history_parent', NULL);
INSERT INTO projection_relation_extra VALUES ('inventory', false, false, 'products', 'inventory', true, 2, NULL, 'dvd.inventory', 'products.dvd.products.dvd.inventory.prod_id', NULL);
INSERT INTO projection_relation_extra VALUES ('orderlines', false, false, 'products', 'orderlines', true, 0, NULL, 'dvd.orderlines', 'products.dvd.products.dvd.orderlines.prod_id', NULL);



INSERT INTO property_extra VALUES ('category', 'category', 'string', false, false, NULL, NULL, NULL, NULL, 999, 'dvd.categories', NULL, NULL);
INSERT INTO property_extra VALUES ('age', '', 'integer', false, true, NULL, NULL, NULL, NULL, 5, 'dvd.customers', NULL, NULL);
INSERT INTO property_extra VALUES ('zip', '', 'string', false, false, NULL, NULL, NULL, NULL, 10, 'dvd.customers', NULL, NULL);
INSERT INTO property_extra VALUES ('categoryname', '', 'caption', false, true, NULL, NULL, NULL, NULL, 999, 'dvd.categories', ' ', NULL);
INSERT INTO property_extra VALUES ('address1', '', 'string', false, false, NULL, NULL, NULL, NULL, 3, 'dvd.customers', NULL, NULL);
INSERT INTO property_extra VALUES ('tax', '', 'money', false, true, NULL, NULL, NULL, NULL, 4, 'dvd.orders', '   -       ', NULL);
INSERT INTO property_extra VALUES ('category', '', 'ref', false, true, 'categories', NULL, 'category', NULL, 3, 'dvd.products', NULL, NULL);
INSERT INTO property_extra VALUES ('price', '', 'string', false, true, NULL, NULL, NULL, NULL, 4, 'dvd.products', NULL, NULL);
INSERT INTO property_extra VALUES ('lastname', '', 'caption', false, true, NULL, NULL, NULL, NULL, 1, 'dvd.customers', NULL, NULL);
INSERT INTO property_extra VALUES ('firstname', '', 'caption', false, true, NULL, NULL, NULL, NULL, 2, 'dvd.customers', NULL, NULL);
INSERT INTO property_extra VALUES ('username', 'o', 'string', false, false, NULL, NULL, NULL, NULL, 4, 'dvd.customers', NULL, NULL);
INSERT INTO property_extra VALUES ('quantity', '', 'string', false, true, NULL, NULL, NULL, NULL, 3, 'dvd.orderlines', NULL, NULL);
INSERT INTO property_extra VALUES ('orderdate', '', 'string', false, true, NULL, NULL, NULL, NULL, 4, 'dvd.orderlines', NULL, NULL);
INSERT INTO property_extra VALUES ('orderlinekey', '', 'string', false, false, NULL, NULL, NULL, NULL, 1, 'dvd.orderlines', NULL, NULL);
INSERT INTO property_extra VALUES ('orderlineid', 'orderlineid', 'string', false, false, NULL, NULL, NULL, NULL, 999, 'dvd.orderlines', NULL, NULL);
INSERT INTO property_extra VALUES ('orderid', '', 'ref', false, true, 'orders', NULL, 'orderid', NULL, 1, 'dvd.orderlines', NULL, NULL);
INSERT INTO property_extra VALUES ('prod_id', '', 'ref', false, true, 'products', NULL, 'prod_id', NULL, 2, 'dvd.orderlines', NULL, NULL);
INSERT INTO property_extra VALUES ('orderid', ' ', 'caption', true, true, NULL, NULL, NULL, NULL, 0, 'dvd.orders', NULL, NULL);
INSERT INTO property_extra VALUES ('comment', '', 'plain', false, true, NULL, NULL, NULL, NULL, 1100, 'dvd.orders', NULL, NULL);
INSERT INTO property_extra VALUES ('actor', '  ', 'string', false, true, NULL, NULL, NULL, NULL, 2, 'dvd.products', NULL, NULL);
INSERT INTO property_extra VALUES ('gender', '', 'string', false, true, NULL, NULL, NULL, NULL, 7, 'dvd.customers', NULL, NULL);
INSERT INTO property_extra VALUES ('country', '', 'string', false, true, NULL, NULL, NULL, NULL, 11, 'dvd.customers', NULL, NULL);
INSERT INTO property_extra VALUES ('customerid', 'customerid', 'string', false, false, NULL, NULL, NULL, NULL, 999, 'dvd.customers', NULL, NULL);
INSERT INTO property_extra VALUES ('creditcard', ' ', 'string', false, false, NULL, NULL, NULL, NULL, 15, 'dvd.customers', NULL, NULL);
INSERT INTO property_extra VALUES ('state', 'state', 'string', false, false, NULL, NULL, NULL, NULL, 999, 'dvd.customers', NULL, NULL);
INSERT INTO property_extra VALUES ('address2', 'address2', 'string', false, false, NULL, NULL, NULL, NULL, 999, 'dvd.customers', NULL, NULL);
INSERT INTO property_extra VALUES ('password', '', 'string', false, false, NULL, NULL, NULL, NULL, 999, 'dvd.customers', NULL, NULL);
INSERT INTO property_extra VALUES ('email', 'email', 'string', false, false, NULL, NULL, NULL, NULL, 16, 'dvd.customers', NULL, NULL);
INSERT INTO property_extra VALUES ('creditcardtype', 'creditcardtype', 'string', false, false, NULL, NULL, NULL, NULL, 999, 'dvd.customers', NULL, NULL);
INSERT INTO property_extra VALUES ('creditcardexpiration', '  ', 'string', false, false, NULL, NULL, NULL, NULL, 9, 'dvd.customers', NULL, NULL);
INSERT INTO property_extra VALUES ('customerid', '', 'ref', false, true, 'customers', NULL, 'customerid', NULL, 1, 'dvd.orders', NULL, NULL);
INSERT INTO property_extra VALUES ('orderdate', ' ', 'date', false, true, NULL, NULL, NULL, NULL, 2, 'dvd.orders', NULL, NULL);
INSERT INTO property_extra VALUES ('netamount', '', 'money', false, true, NULL, NULL, NULL, NULL, 3, 'dvd.orders', NULL, NULL);
INSERT INTO property_extra VALUES ('quan_in_stock', ' ', 'integer', false, true, NULL, NULL, NULL, NULL, 2, 'dvd.inventory', NULL, NULL);
INSERT INTO property_extra VALUES ('totalamount', '', 'money', false, true, NULL, NULL, NULL, NULL, 5, 'dvd.orders', NULL, NULL);
INSERT INTO property_extra VALUES ('title', '', 'caption', false, true, NULL, NULL, NULL, NULL, 1, 'dvd.products', NULL, NULL);
INSERT INTO property_extra VALUES ('sales', '', 'integer', false, true, NULL, NULL, NULL, NULL, 3, 'dvd.inventory', NULL, NULL);
INSERT INTO property_extra VALUES ('special', '', 'bool', false, true, NULL, NULL, NULL, NULL, 999, 'dvd.products', NULL, NULL);
INSERT INTO property_extra VALUES ('region', '', 'string', false, false, NULL, NULL, NULL, NULL, 12, 'dvd.customers', NULL, NULL);
INSERT INTO property_extra VALUES ('phone', '', 'string', false, true, NULL, NULL, NULL, NULL, 6, 'dvd.customers', NULL, NULL);
INSERT INTO property_extra VALUES ('city', '', 'string', false, false, NULL, NULL, NULL, NULL, 13, 'dvd.customers', NULL, NULL);
INSERT INTO property_extra VALUES ('income', '', 'string', false, false, NULL, NULL, NULL, NULL, 8, 'dvd.customers', NULL, NULL);
INSERT INTO property_extra VALUES ('prod_id', '', 'ref', false, true, 'products', NULL, 'prod_id', NULL, 1, 'dvd.inventory', NULL, NULL);
INSERT INTO property_extra VALUES ('common_prod_id', ' ', 'ref', false, false, 'products', NULL, 'prod_id', NULL, 999, 'dvd.products', NULL, NULL);



INSERT INTO relation_extra VALUES ('  ', NULL, 'sync.tables_sync.sync.tables_sync.base_for', 0, NULL, NULL);
INSERT INTO relation_extra VALUES (' ', NULL, 'dvd.orders.dvd.orderlines.orderid', 0, NULL, NULL);
INSERT INTO relation_extra VALUES ('', NULL, 'dvd.categories.dvd.products.category', 0, NULL, NULL);
INSERT INTO relation_extra VALUES ('', NULL, 'dvd.customers.dvd.orders.customerid', 0, NULL, NULL);	
	

